/*
SQLyog Ultimate v11.33 (64 bit)
MySQL - 5.6.24 : Database - db_wayn
*********************************************************************
*/

/*!40101 SET NAMES utf8 */;

/*!40101 SET SQL_MODE=''*/;

/*!40014 SET @OLD_UNIQUE_CHECKS=@@UNIQUE_CHECKS, UNIQUE_CHECKS=0 */;
/*!40014 SET @OLD_FOREIGN_KEY_CHECKS=@@FOREIGN_KEY_CHECKS, FOREIGN_KEY_CHECKS=0 */;
/*!40101 SET @OLD_SQL_MODE=@@SQL_MODE, SQL_MODE='NO_AUTO_VALUE_ON_ZERO' */;
/*!40111 SET @OLD_SQL_NOTES=@@SQL_NOTES, SQL_NOTES=0 */;
CREATE DATABASE /*!32312 IF NOT EXISTS*/`db_wayn` /*!40100 DEFAULT CHARACTER SET latin1 */;

USE `db_wayn`;

/*Table structure for table `detail_transaksi_pemesanan` */

DROP TABLE IF EXISTS `detail_transaksi_pemesanan`;

CREATE TABLE `detail_transaksi_pemesanan` (
  `kode_detail_transaksi_pemesanan` int(11) NOT NULL AUTO_INCREMENT,
  `kode_transaksi_pemesanan` varchar(16) NOT NULL,
  `kode_jasa` int(11) NOT NULL,
  `harga` float NOT NULL,
  `jumlah` float NOT NULL,
  `file` varchar(255) DEFAULT NULL,
  `keterangan` text,
  PRIMARY KEY (`kode_detail_transaksi_pemesanan`),
  KEY `kode_jasa` (`kode_jasa`),
  KEY `kode_transaksi_pemesanan` (`kode_transaksi_pemesanan`),
  CONSTRAINT `detail_transaksi_pemesanan_ibfk_1` FOREIGN KEY (`kode_jasa`) REFERENCES `jasa` (`kode_jasa`) ON DELETE CASCADE ON UPDATE CASCADE,
  CONSTRAINT `detail_transaksi_pemesanan_ibfk_2` FOREIGN KEY (`kode_transaksi_pemesanan`) REFERENCES `transaksi_pemesanan` (`kode_transaksi_pemesanan`) ON DELETE CASCADE ON UPDATE CASCADE
) ENGINE=InnoDB AUTO_INCREMENT=991 DEFAULT CHARSET=latin1;

/*Data for the table `detail_transaksi_pemesanan` */

insert  into `detail_transaksi_pemesanan`(`kode_detail_transaksi_pemesanan`,`kode_transaksi_pemesanan`,`kode_jasa`,`harga`,`jumlah`,`file`,`keterangan`) values (1,'01062016-001',3,14000,3,NULL,NULL),(2,'07072016-001',3,14000,1,NULL,NULL),(3,'14072016-001',3,14000,2,NULL,NULL),(4,'13062016-001',3,14000,5,NULL,NULL),(5,'14062016-001',3,14000,2,NULL,NULL),(6,'18072016-001',3,14000,2,NULL,NULL),(7,'26092016-001',2,15000,3,NULL,NULL),(8,'02082016-001',3,14000,1,NULL,NULL),(9,'02082016-002',3,14000,3,NULL,NULL),(10,'04082016-001',3,14000,2,NULL,NULL),(11,'08082016-001',3,14000,2,NULL,NULL),(12,'18082016-001',3,14000,3,NULL,NULL),(13,'01092016-001',2,15000,1,NULL,NULL),(14,'03092016-001',2,15000,3,NULL,NULL),(15,'07092016-001',2,15000,1,NULL,NULL),(16,'20072016-001',2,15000,2,NULL,NULL),(17,'28072016-001',2,15000,1,NULL,NULL),(18,'30072016-001',2,15000,1,NULL,NULL),(19,'21082016-001',2,15000,2,NULL,NULL),(20,'31082016-001',2,15000,3,NULL,NULL),(21,'01092016-001',2,15000,2,NULL,NULL),(22,'07092016-002',1,30000,1,NULL,NULL),(23,'20072016-002',1,30000,1,NULL,NULL),(24,'10082016-001',3,14000,6,NULL,NULL),(25,'05102016-001',1,30000,4,NULL,NULL),(26,'15092016-001',3,14000,1,NULL,NULL),(27,'10062016-001',3,14000,1,NULL,NULL),(28,'27072016-001',3,14000,1,NULL,NULL),(29,'25092016-001',3,14000,6,NULL,NULL),(30,'14092016-001',3,14000,3,NULL,NULL),(31,'05102016-001',1,30000,3,NULL,NULL),(32,'07092016-002',1,30000,1,NULL,NULL),(33,'11072016-001',3,14000,3,NULL,NULL),(34,'04102016-001',3,14000,2,NULL,NULL),(35,'13092016-001',1,30000,1,NULL,NULL),(36,'14072016-002',1,30000,2,NULL,NULL),(37,'05092016-001',1,30000,3,NULL,NULL),(38,'01112016-001',2,15000,2,NULL,NULL),(39,'13092016-001',2,15000,6,NULL,NULL),(40,'03102016-001',2,15000,1,NULL,NULL),(41,'23082016-001',2,15000,2,NULL,NULL),(42,'16072016-001',1,30000,1,NULL,NULL),(43,'07102016-001',2,15000,2,NULL,NULL),(44,'17102016-001',2,15000,3,NULL,NULL),(45,'19072016-001',2,15000,4,NULL,NULL),(46,'25102016-001',1,30000,3,NULL,NULL),(47,'05092016-001',1,30000,1,NULL,NULL),(48,'18102016-001',2,15000,1,NULL,NULL),(49,'04082016-002',1,30000,4,NULL,NULL),(50,'07102016-001',1,30000,1,NULL,NULL),(51,'03102016-001',1,30000,2,NULL,NULL),(52,'02062016-001',3,14000,3,NULL,NULL),(53,'14092016-002',3,14000,2,NULL,NULL),(54,'12072016-001',3,14000,1,NULL,NULL),(55,'27072016-002',2,15000,1,NULL,NULL),(56,'25082016-001',2,15000,1,NULL,NULL),(57,'12102016-001',2,15000,1,NULL,NULL),(58,'10102016-001',2,15000,1,NULL,NULL),(59,'14102016-001',2,15000,1,NULL,NULL),(60,'03112016-001',2,15000,2,NULL,NULL),(61,'04112016-001',2,15000,3,NULL,NULL),(62,'08112016-001',2,15000,2,NULL,NULL),(63,'16102016-001',2,15000,1,NULL,NULL),(64,'29112016-001',2,15000,3,NULL,NULL),(65,'07102016-003',2,15000,3,NULL,NULL),(66,'27102016-001',2,15000,2,NULL,NULL),(67,'15092016-002',3,14000,3,NULL,NULL),(68,'16062016-001',3,14000,4,NULL,NULL),(69,'10062016-002',3,14000,1,NULL,NULL),(70,'11062016-001',3,14000,3,NULL,NULL),(71,'13072016-001',3,14000,3,NULL,NULL),(72,'13072016-001',3,14000,1,NULL,NULL),(73,'16062016-001',3,14000,3,NULL,NULL),(74,'04082016-003',2,15000,1,NULL,NULL),(75,'06082016-001',2,15000,3,NULL,NULL),(76,'08082016-002',2,15000,3,NULL,NULL),(77,'02122016-001',2,15000,3,NULL,NULL),(78,'08092016-001',2,15000,2,NULL,NULL),(79,'10092016-001',2,15000,6,NULL,NULL),(80,'11092016-001',2,15000,3,NULL,NULL),(81,'12092016-001',2,15000,3,NULL,NULL),(82,'14092016-003',2,15000,1,NULL,NULL),(83,'11082016-001',2,15000,3,NULL,NULL),(84,'15092016-003',2,15000,1,NULL,NULL),(85,'18092016-001',2,15000,3,NULL,NULL),(86,'14092016-003',2,15000,2,NULL,NULL),(87,'26082016-001',2,15000,3,NULL,NULL),(88,'27082016-001',1,30000,2,NULL,NULL),(89,'20092016-001',2,15000,3,NULL,NULL),(90,'14092016-003',2,15000,3,NULL,NULL),(91,'15092016-003',2,15000,1,NULL,NULL),(92,'06102016-001',2,15000,3,NULL,NULL),(93,'20092016-001',2,15000,1,NULL,NULL),(94,'06102016-001',2,15000,1,NULL,NULL),(95,'23092016-001',2,15000,1,NULL,NULL),(96,'13102016-001',2,15000,1,NULL,NULL),(97,'09112016-001',2,15000,3,NULL,NULL),(98,'11112016-001',2,15000,2,NULL,NULL),(99,'12112016-001',2,15000,3,NULL,NULL),(100,'23112016-001',2,15000,3,NULL,NULL),(101,'17112016-001',2,15000,2,NULL,NULL),(102,'19112016-001',2,15000,2,NULL,NULL),(103,'19112016-001',2,15000,2,NULL,NULL),(104,'10112016-001',2,15000,2,NULL,NULL),(105,'16092016-001',1,30000,1,NULL,NULL),(106,'17082016-001',2,15000,6,NULL,NULL),(107,'01112016-002',2,15000,3,NULL,NULL),(108,'14102016-002',2,15000,2,NULL,NULL),(109,'04112016-002',2,15000,1,NULL,NULL),(110,'22112016-001',2,15000,2,NULL,NULL),(111,'16112016-001',2,15000,1,NULL,NULL),(112,'17112016-001',2,15000,2,NULL,NULL),(113,'17112016-001',2,15000,2,NULL,NULL),(114,'01122016-001',2,15000,1,NULL,NULL),(115,'02122016-001',2,15000,2,NULL,NULL),(116,'05122016-001',2,15000,2,NULL,NULL),(117,'10112016-001',2,15000,1,NULL,NULL),(118,'01112016-003',3,14000,3,NULL,NULL),(119,'03112016-002',3,14000,3,NULL,NULL),(120,'05102016-003',2,15000,4,NULL,NULL),(121,'04112016-003',2,15000,3,NULL,NULL),(122,'11072016-002',1,30000,1,NULL,NULL),(123,'08102016-001',1,30000,4,NULL,NULL),(124,'11082016-002',1,30000,1,NULL,NULL),(125,'07102016-004',1,30000,1,NULL,NULL),(126,'10112016-003',2,15000,3,NULL,NULL),(127,'02122016-003',2,15000,3,NULL,NULL),(128,'08092016-002',2,15000,4,NULL,NULL),(129,'02112016-001',1,30000,1,NULL,NULL),(130,'11082016-002',2,15000,3,NULL,NULL),(131,'06102016-003',2,15000,4,NULL,NULL),(132,'05112016-001',2,15000,3,NULL,NULL),(133,'09112016-002',2,15000,1,NULL,NULL),(134,'08092016-002',2,15000,4,NULL,NULL),(135,'02112016-002',3,14000,2,NULL,NULL),(136,'04112016-004',3,14000,1,NULL,NULL),(137,'03062016-001',3,14000,6,NULL,NULL),(138,'01072016-001',3,14000,3,NULL,NULL),(139,'08072016-001',2,15000,2,NULL,NULL),(140,'30062016-001',2,15000,2,NULL,NULL),(141,'10062016-003',1,30000,5,NULL,NULL),(142,'11062016-002',2,15000,1,NULL,NULL),(143,'13082016-001',2,15000,6,NULL,NULL),(144,'24082016-001',1,30000,4,NULL,NULL),(145,'06102016-004',2,15000,3,NULL,NULL),(146,'30082016-001',2,15000,4,NULL,NULL),(147,'12082016-001',2,15000,4,NULL,NULL),(148,'12082016-001',2,15000,3,NULL,NULL),(149,'22072016-001',2,15000,2,NULL,NULL),(150,'09072016-001',2,15000,2,NULL,NULL),(151,'05082016-001',2,15000,2,NULL,NULL),(152,'04062016-001',3,14000,1,NULL,NULL),(153,'07062016-001',3,14000,1,NULL,NULL),(154,'15072016-001',3,14000,15,NULL,NULL),(155,'10082016-002',3,14000,2,NULL,NULL),(156,'10092016-002',3,14000,1,NULL,NULL),(157,'01092016-003',3,14000,5,NULL,NULL),(158,'06102016-005',2,15000,1,NULL,NULL),(159,'12082016-003',2,15000,1,NULL,NULL),(160,'03112016-003',2,15000,3,NULL,NULL),(161,'05112016-002',2,15000,4,NULL,NULL),(162,'30062016-002',2,15000,3,NULL,NULL),(163,'06082016-002',2,15000,3,NULL,NULL),(164,'22082016-001',2,15000,1,NULL,NULL),(165,'12082016-003',2,15000,1,NULL,NULL),(166,'26082016-002',2,15000,2,NULL,NULL),(167,'13092016-003',2,15000,2,NULL,NULL),(168,'08122016-001',2,15000,2,NULL,NULL),(169,'21092016-001',2,15000,2,NULL,NULL),(170,'12082016-003',2,15000,2,NULL,NULL),(171,'15082016-001',2,15000,2,NULL,NULL),(172,'17082016-002',2,15000,2,NULL,NULL),(173,'19082016-001',2,15000,2,NULL,NULL),(174,'10082016-002',2,15000,2,NULL,NULL),(175,'17082016-002',2,15000,1,NULL,NULL),(176,'01092016-003',3,14000,3,NULL,NULL),(177,'04082016-004',3,14000,1,NULL,NULL),(178,'10092016-003',2,15000,4,NULL,NULL),(179,'10092016-003',2,15000,3,NULL,NULL),(180,'13092016-004',2,15000,2,NULL,NULL),(181,'20092016-003',2,15000,2,NULL,NULL),(182,'08092016-004',2,15000,3,NULL,NULL),(183,'10112016-004',2,15000,1,NULL,NULL),(184,'26102016-001',3,14000,1,NULL,NULL),(185,'13102016-002',2,15000,2,NULL,NULL),(186,'02112016-003',2,15000,2,NULL,NULL),(187,'03062016-002',3,14000,3,NULL,NULL),(188,'07062016-002',2,15000,3,NULL,NULL),(189,'30062016-003',3,14000,3,NULL,NULL),(190,'08072016-002',3,14000,2,NULL,NULL),(191,'09062016-001',1,30000,2,NULL,NULL),(192,'29062016-001',3,14000,2,NULL,NULL),(193,'06072016-001',2,15000,2,NULL,NULL),(194,'18072016-002',2,15000,2,NULL,NULL),(195,'22072016-002',2,15000,3,NULL,NULL),(196,'06102016-006',2,15000,2,NULL,NULL),(197,'07092016-004',2,15000,2,NULL,NULL),(198,'05102016-004',2,15000,4,NULL,NULL),(199,'05102016-004',2,15000,1,NULL,NULL),(200,'06092016-001',2,15000,3,NULL,NULL),(201,'11082016-004',2,15000,2,NULL,NULL),(202,'05102016-004',2,15000,2,NULL,NULL),(203,'16092016-002',2,15000,1,NULL,NULL),(204,'19102016-001',2,15000,2,NULL,NULL),(205,'21092016-002',2,15000,3,NULL,NULL),(206,'12082016-006',2,15000,3,NULL,NULL),(207,'26092016-002',2,15000,2,NULL,NULL),(208,'14102016-003',2,15000,1,NULL,NULL),(209,'06102016-006',2,15000,5,NULL,NULL),(210,'21112016-001',2,15000,2,NULL,NULL),(211,'28102016-001',2,15000,1,NULL,NULL),(212,'30102016-001',2,15000,4,NULL,NULL),(213,'31102016-001',2,15000,2,NULL,NULL),(214,'29092016-001',2,15000,2,NULL,NULL),(215,'22092016-001',2,15000,3,NULL,NULL),(216,'15112016-001',2,15000,1,NULL,NULL),(217,'14122016-001',3,14000,3,NULL,NULL),(218,'20122016-001',3,14000,2,NULL,NULL),(219,'04062016-002',2,15000,1,NULL,NULL),(220,'15062016-001',2,15000,3,NULL,NULL),(221,'23062016-001',1,30000,3,NULL,NULL),(222,'13122016-001',2,15000,2,NULL,NULL),(223,'12122016-001',2,15000,2,NULL,NULL),(224,'28122016-001',1,30000,2,NULL,NULL),(225,'15112016-002',3,14000,1,NULL,NULL),(226,'09112016-003',2,15000,2,NULL,NULL),(227,'23112016-002',2,15000,2,NULL,NULL),(228,'21112016-002',2,15000,1,NULL,NULL),(229,'27112016-001',2,15000,2,NULL,NULL),(230,'09062016-002',3,14000,1,NULL,NULL),(231,'13112016-001',3,14000,1,NULL,NULL),(232,'11102016-001',3,14000,4,NULL,NULL),(233,'14112016-001',3,14000,3,NULL,NULL),(234,'03102016-003',3,14000,3,NULL,NULL),(235,'14122016-002',3,14000,1,NULL,NULL),(236,'12102016-002',3,14000,3,NULL,NULL),(237,'08102016-002',2,15000,5,NULL,NULL),(238,'19102016-002',2,15000,1,NULL,NULL),(239,'27102016-002',2,15000,2,NULL,NULL),(240,'13122016-002',3,14000,3,NULL,NULL),(241,'14112016-002',3,14000,2,NULL,NULL),(242,'21112016-003',2,15000,1,NULL,NULL),(243,'18112016-001',2,15000,1,NULL,NULL),(244,'10102016-002',2,15000,1,NULL,NULL),(245,'07112016-001',2,15000,3,NULL,NULL),(246,'07112016-002',3,14000,3,NULL,NULL),(247,'27092016-001',3,14000,3,NULL,NULL),(248,'10102016-003',1,30000,3,NULL,NULL),(249,'24102016-001',2,15000,4,NULL,NULL),(250,'07112016-002',2,15000,2,NULL,NULL),(251,'02122016-004',2,15000,11,NULL,NULL),(252,'21102016-001',2,15000,1,NULL,NULL),(253,'13112016-002',1,30000,3,NULL,NULL),(254,'14092016-006',3,14000,2,NULL,NULL),(255,'29102016-001',2,15000,7,NULL,NULL),(256,'30092016-001',2,15000,2,NULL,NULL),(257,'29092016-002',2,15000,1,NULL,NULL),(258,'29092016-002',2,15000,2,NULL,NULL),(259,'01102016-001',1,30000,1,NULL,NULL),(260,'05102016-007',2,15000,1,NULL,NULL),(261,'19102016-003',2,15000,3,NULL,NULL),(262,'13102016-003',2,15000,1,NULL,NULL),(263,'27102016-003',2,15000,2,NULL,NULL),(264,'29122016-001',3,14000,4,NULL,NULL),(265,'28122016-002',1,30000,1,NULL,NULL),(266,'24112016-001',1,30000,4,NULL,NULL),(267,'23112016-003',3,14000,3,NULL,NULL),(268,'12102016-003',1,30000,1,NULL,NULL),(269,'15102016-001',2,15000,1,NULL,NULL),(270,'24112016-001',2,15000,2,NULL,NULL),(271,'04102016-002',2,15000,2,NULL,NULL),(272,'05122016-002',2,15000,5,NULL,NULL),(273,'23112016-003',1,30000,3,NULL,NULL),(274,'08062016-001',3,14000,2,NULL,NULL),(275,'09062016-003',3,14000,1,NULL,NULL),(276,'15062016-002',3,14000,5,NULL,NULL),(277,'16062016-003',2,15000,6,NULL,NULL),(278,'20062016-001',3,14000,1,NULL,NULL),(279,'28062016-001',3,14000,2,NULL,NULL),(280,'13072016-003',2,15000,4,NULL,NULL),(281,'14072016-003',2,15000,3,NULL,NULL),(282,'16072016-002',2,15000,1,NULL,NULL),(283,'19082016-002',2,15000,1,NULL,NULL),(284,'20082016-001',2,15000,1,NULL,NULL),(285,'21082016-002',1,30000,2,NULL,NULL),(286,'23082016-002',2,15000,5,NULL,NULL),(287,'26082016-003',2,15000,2,NULL,NULL),(288,'31082016-002',2,15000,2,NULL,NULL),(289,'01092016-005',2,15000,3,NULL,NULL),(290,'03092016-002',2,15000,3,NULL,NULL),(291,'05092016-003',2,15000,3,NULL,NULL),(292,'07092016-005',2,15000,3,NULL,NULL),(293,'14092016-007',2,15000,5,NULL,NULL),(294,'02062016-002',3,14000,3,NULL,NULL),(295,'04062016-003',3,14000,2,NULL,NULL),(296,'07062016-003',3,14000,4,NULL,NULL),(297,'09062016-004',3,14000,2,NULL,NULL),(298,'08062016-002',3,14000,3,NULL,NULL),(299,'10062016-004',3,14000,4,NULL,NULL),(300,'16062016-004',3,14000,2,NULL,NULL),(301,'20062016-002',3,14000,1,NULL,NULL),(302,'23062016-002',3,14000,1,NULL,NULL),(303,'07072016-002',3,14000,9,NULL,NULL),(304,'18072016-003',3,14000,4,NULL,NULL),(305,'21072016-001',2,15000,1,NULL,NULL),(306,'22072016-003',2,15000,3,NULL,NULL),(307,'22072016-003',2,15000,4,NULL,NULL),(308,'24072016-001',2,15000,2,NULL,NULL),(309,'25072016-001',2,15000,1,NULL,NULL),(310,'05082016-002',2,15000,2,NULL,NULL),(311,'09082016-001',2,15000,4,NULL,NULL),(312,'10082016-004',2,15000,1,NULL,NULL),(313,'14082016-001',2,15000,2,NULL,NULL),(314,'15082016-002',2,15000,1,NULL,NULL),(315,'16082016-001',2,15000,3,NULL,NULL),(316,'18082016-002',2,15000,3,NULL,NULL),(317,'09082016-001',2,15000,2,NULL,NULL),(318,'25082016-002',2,15000,2,NULL,NULL),(319,'27082016-002',2,15000,1,NULL,NULL),(320,'22082016-002',2,15000,1,NULL,NULL),(321,'30082016-002',2,15000,8,NULL,NULL),(322,'15082016-002',2,15000,5,NULL,NULL),(323,'12092016-002',2,15000,2,NULL,NULL),(324,'07092016-006',1,30000,1,NULL,NULL),(325,'04092016-001',2,15000,1,NULL,NULL),(326,'06092016-002',2,15000,1,NULL,NULL),(327,'08092016-005',2,15000,1,NULL,NULL),(328,'15092016-005',2,15000,2,NULL,NULL),(329,'04102016-003',2,15000,4,NULL,NULL),(330,'02092016-001',2,15000,2,NULL,NULL),(331,'22092016-002',1,30000,2,NULL,NULL),(332,'03092016-003',1,30000,1,NULL,NULL),(333,'06092016-002',1,30000,5,NULL,NULL),(334,'03102016-004',2,15000,2,NULL,NULL),(335,'07092016-006',1,30000,2,NULL,NULL),(336,'14092016-008',2,15000,1,NULL,NULL),(337,'07092016-006',1,30000,2,NULL,NULL),(338,'15092016-005',1,30000,3,NULL,NULL),(339,'23092016-002',1,30000,1,NULL,NULL),(340,'19092016-001',2,15000,2,NULL,NULL),(341,'20092016-004',2,15000,2,NULL,NULL),(342,'07102016-005',2,15000,2,NULL,NULL),(343,'03102016-004',2,15000,3,NULL,NULL),(344,'22092016-002',2,15000,2,NULL,NULL),(345,'14102016-004',2,15000,2,NULL,NULL),(346,'06102016-008',2,15000,1,NULL,NULL),(347,'08102016-003',2,15000,1,NULL,NULL),(348,'14102016-004',1,30000,1,NULL,NULL),(349,'25102016-002',2,15000,2,NULL,NULL),(350,'20102016-001',2,15000,2,NULL,NULL),(351,'05102016-008',2,15000,2,NULL,NULL),(352,'12102016-004',2,15000,1,NULL,NULL),(353,'11102016-002',2,15000,2,NULL,NULL),(354,'21102016-002',2,15000,1,NULL,NULL),(355,'11102016-002',2,15000,1,NULL,NULL),(356,'26102016-002',2,15000,4,NULL,NULL),(357,'01112016-004',2,15000,2,NULL,NULL),(358,'04112016-005',2,15000,1,NULL,NULL),(359,'11112016-002',2,15000,3,NULL,NULL),(360,'10102016-004',2,15000,8,NULL,NULL),(361,'09112016-004',2,15000,2,NULL,NULL),(362,'14112016-003',2,15000,2,NULL,NULL),(363,'20102016-001',2,15000,1,NULL,NULL),(364,'21112016-004',2,15000,1,NULL,NULL),(365,'23112016-005',2,15000,7,NULL,NULL),(366,'23112016-005',2,15000,1,NULL,NULL),(367,'26102016-002',2,15000,4,NULL,NULL),(368,'11102016-002',2,15000,4,NULL,NULL),(369,'16112016-002',2,15000,1,NULL,NULL),(370,'16112016-002',2,15000,1,NULL,NULL),(371,'24112016-003',2,15000,2,NULL,NULL),(372,'24112016-003',2,15000,1,NULL,NULL),(373,'18112016-002',2,15000,1,NULL,NULL),(374,'13102016-004',2,15000,10,NULL,NULL),(375,'14102016-004',2,15000,1,NULL,NULL),(376,'25112016-001',2,15000,1,NULL,NULL),(377,'10112016-005',2,15000,2,NULL,NULL),(378,'04112016-005',1,30000,3,NULL,NULL),(379,'15112016-003',2,15000,3,NULL,NULL),(380,'13112016-003',2,15000,8,NULL,NULL),(381,'17102016-002',2,15000,2,NULL,NULL),(382,'04102016-003',2,15000,3,NULL,NULL),(383,'03102016-004',1,30000,2,NULL,NULL),(384,'11102016-005',3,14000,6,NULL,NULL),(385,'11102016-005',2,15000,6,NULL,NULL),(386,'08112016-002',1,30000,1,NULL,NULL),(387,'04102016-005',2,15000,1,NULL,NULL),(388,'04102016-005',2,15000,1,NULL,NULL),(389,'12102016-005',2,15000,2,NULL,NULL),(390,'08112016-002',2,15000,1,NULL,NULL),(391,'12102016-005',2,15000,9,NULL,NULL),(392,'05122016-003',2,15000,6,NULL,NULL),(393,'24062016-001',3,14000,3,NULL,NULL),(394,'30072016-002',3,14000,2,NULL,NULL),(395,'17112016-004',3,14000,9,NULL,NULL),(396,'17062016-001',3,14000,20,NULL,NULL),(397,'07092016-009',2,15000,50,NULL,NULL),(398,'04102016-007',2,15000,4,NULL,NULL),(399,'11102016-007',2,15000,2,NULL,NULL),(400,'31082016-003',2,15000,2,NULL,NULL),(401,'29072016-001',1,30000,8,NULL,NULL),(402,'21102016-003',1,30000,2,NULL,NULL),(403,'16112016-004',1,30000,3,NULL,NULL),(404,'20072016-003',1,30000,1,NULL,NULL),(405,'08062016-003',1,30000,1,NULL,NULL),(406,'16112016-004',2,15000,20,NULL,NULL),(407,'23072016-001',2,15000,10,NULL,NULL),(408,'09112016-005',2,15000,40,NULL,NULL),(409,'27092016-002',2,15000,8,NULL,NULL),(410,'09112016-005',2,15000,100,NULL,NULL),(411,'27082016-003',2,15000,18,NULL,NULL),(412,'11112016-003',1,30000,10,NULL,NULL),(413,'15112016-004',2,15000,1,NULL,NULL),(414,'17112016-005',1,30000,4,NULL,NULL),(415,'23112016-007',2,15000,15,NULL,NULL),(416,'20102016-003',1,30000,10,NULL,NULL),(417,'28092016-001',1,30000,1,NULL,NULL),(418,'08092016-006',2,15000,200,NULL,NULL),(419,'03112016-004',2,15000,5,NULL,NULL),(420,'24092016-001',2,15000,5,NULL,NULL),(421,'27092016-003',1,30000,3,NULL,NULL),(422,'30072016-003',1,30000,5,NULL,NULL),(423,'13102016-005',3,14000,7,NULL,NULL),(424,'10082016-005',1,30000,16,NULL,NULL),(425,'25112016-002',2,15000,12,NULL,NULL),(426,'28062016-002',2,15000,4,NULL,NULL),(427,'10112016-006',2,15000,100,NULL,NULL),(428,'28092016-002',3,14000,2,NULL,NULL),(429,'15062016-003',2,15000,10,NULL,NULL),(430,'14102016-003',2,15000,60,NULL,NULL),(431,'13102016-006',2,15000,3,NULL,NULL),(432,'02112016-004',2,15000,4,NULL,NULL),(433,'28092016-002',2,15000,3,NULL,NULL),(434,'20102016-004',2,15000,3,NULL,NULL),(435,'09112016-007',2,15000,3,NULL,NULL),(436,'18062016-001',3,14000,3,NULL,NULL),(437,'23072016-002',3,14000,3,NULL,NULL),(438,'16092016-003',3,14000,3,NULL,NULL),(439,'07092016-010',2,15000,3,NULL,NULL),(440,'02112016-005',2,15000,2,NULL,NULL),(441,'08062016-004',3,14000,10,NULL,NULL),(442,'04082016-005',2,15000,1,NULL,NULL),(443,'09112016-008',2,15000,5,NULL,NULL),(444,'30062016-004',2,15000,8,NULL,NULL),(445,'08112016-004',2,15000,3,NULL,NULL),(446,'18112016-003',2,15000,10,NULL,NULL),(447,'09112016-008',2,15000,1,NULL,NULL),(448,'27092016-004',2,15000,1,NULL,NULL),(449,'01112016-005',2,15000,2,NULL,NULL),(450,'02112016-006',2,15000,2,NULL,NULL),(451,'31102016-002',2,15000,4,NULL,NULL),(452,'27092016-004',2,15000,2,NULL,NULL),(453,'26092016-003',2,15000,1,NULL,NULL),(454,'09112016-008',2,15000,1,NULL,NULL),(455,'03082016-001',2,15000,1,NULL,NULL),(456,'08072016-003',2,15000,1,NULL,NULL),(457,'15062016-004',2,15000,2,NULL,NULL),(458,'02062016-003',2,15000,2,NULL,NULL),(459,'28092016-004',2,15000,10,NULL,NULL),(460,'11082016-005',2,15000,6,NULL,NULL),(461,'31102016-003',2,15000,9,NULL,NULL),(462,'16082016-002',2,15000,3,NULL,NULL),(463,'03082016-002',2,15000,20,NULL,NULL),(464,'14072016-004',2,15000,4,NULL,NULL),(465,'17102016-003',2,15000,5,NULL,NULL),(466,'20062016-003',3,14000,8,NULL,NULL),(467,'31082016-004',2,15000,8,NULL,NULL),(468,'21062016-001',3,14000,2,NULL,NULL),(469,'07072016-003',1,30000,1,NULL,NULL),(470,'08082016-003',1,30000,3,NULL,NULL),(471,'05102016-009',1,30000,1,NULL,NULL),(472,'06072016-002',3,14000,2,NULL,NULL),(473,'08072016-004',3,14000,6,NULL,NULL),(474,'09072016-002',1,30000,2,NULL,NULL),(475,'12072016-002',1,30000,4,NULL,NULL),(476,'21072016-002',1,30000,2,NULL,NULL),(477,'04102016-008',2,15000,5,NULL,NULL),(478,'05102016-010',2,15000,4,NULL,NULL),(479,'14092016-009',2,15000,3,NULL,NULL),(480,'03082016-003',2,15000,4,NULL,NULL),(481,'03082016-003',1,30000,6,NULL,NULL),(482,'08082016-004',2,15000,3,NULL,NULL),(483,'12102016-007',2,15000,1,NULL,NULL),(484,'05082016-003',2,15000,3,NULL,NULL),(485,'10082016-006',2,15000,2,NULL,NULL),(486,'03102016-007',1,30000,3,NULL,NULL),(487,'22062016-001',1,30000,2,NULL,NULL),(488,'09062016-005',1,30000,2,NULL,NULL),(489,'31082016-005',1,30000,1,NULL,NULL),(490,'10102016-005',1,30000,3,NULL,NULL),(491,'04102016-009',2,15000,2,NULL,NULL),(493,'06122016-001',2,15000,1,NULL,NULL),(494,'07112016-004',2,15000,1,NULL,NULL),(495,'12122016-002',1,30000,1,NULL,NULL),(496,'07122016-001',2,15000,3,NULL,NULL),(497,'02112016-007',2,15000,3,NULL,NULL),(498,'29112016-002',1,30000,1,NULL,NULL),(499,'03102016-008',3,14000,3,NULL,NULL),(500,'05102016-011',2,15000,2,NULL,NULL),(501,'27092016-006',3,14000,3,NULL,NULL),(502,'25062016-001',3,14000,2,NULL,NULL),(503,'26062016-001',3,14000,3,NULL,NULL),(504,'28062016-003',2,15000,3,NULL,NULL),(505,'04122016-001',3,14000,1,NULL,NULL),(506,'05122016-004',1,30000,1,NULL,NULL),(507,'07062016-004',1,30000,2,NULL,NULL),(508,'05122016-005',3,14000,3,NULL,NULL),(509,'08072016-005',2,15000,9,NULL,NULL),(510,'09122016-001',2,15000,3,NULL,NULL),(511,'30122016-001',2,15000,9,NULL,NULL),(512,'30062016-005',3,14000,4,NULL,NULL),(513,'09072016-003',2,15000,3,NULL,NULL),(514,'14092016-010',2,15000,1,NULL,NULL),(515,'30092016-002',2,15000,10,NULL,NULL),(516,'14102016-008',2,15000,2,NULL,NULL),(517,'10112016-007',2,15000,5,NULL,NULL),(518,'17062016-002',2,15000,2,NULL,NULL),(519,'15072016-002',2,15000,15,NULL,NULL),(520,'31082016-006',2,15000,5,NULL,NULL),(521,'26082016-004',2,15000,3,NULL,NULL),(522,'07102016-006',1,30000,3,NULL,NULL),(523,'28092016-005',1,30000,4,NULL,NULL),(524,'02112016-008',2,15000,1,NULL,NULL),(525,'28102016-002',2,15000,8,NULL,NULL),(526,'10082016-007',2,15000,10,NULL,NULL),(527,'08092016-007',2,15000,34,NULL,NULL),(528,'11112016-004',2,15000,60,NULL,NULL),(529,'05102016-012',2,15000,6,NULL,NULL),(530,'27062016-001',2,15000,4,NULL,NULL),(531,'06072016-003',2,15000,1,NULL,NULL),(532,'08062016-005',2,15000,12,NULL,NULL),(533,'23082016-003',2,15000,12,NULL,NULL),(534,'02092016-002',2,15000,10,NULL,NULL),(535,'12072016-003',2,15000,6,NULL,NULL),(536,'06092016-004',2,15000,5,NULL,NULL),(537,'30092016-003',2,15000,8,NULL,NULL),(538,'06102016-009',2,15000,9,NULL,NULL),(539,'10112016-008',2,15000,2,NULL,NULL),(540,'20122016-002',2,15000,1,NULL,NULL),(541,'15072016-003',2,15000,8,NULL,NULL),(542,'14092016-011',2,15000,3,NULL,NULL),(543,'26102016-004',1,30000,1,NULL,NULL),(544,'15062016-005',2,15000,6,NULL,NULL),(545,'30072016-004',2,15000,1,NULL,NULL),(546,'06082016-003',2,15000,9,NULL,NULL),(547,'07092016-011',2,15000,2,NULL,NULL),(548,'29062016-002',2,15000,2,NULL,NULL),(549,'28092016-006',2,15000,2,NULL,NULL),(550,'15122016-001',2,15000,2,NULL,NULL),(551,'29092016-004',2,15000,4,NULL,NULL),(552,'06072016-004',2,15000,2,NULL,NULL),(553,'08082016-005',2,15000,1,NULL,NULL),(554,'27092016-007',2,15000,2,NULL,NULL),(555,'08092016-008',2,15000,6,NULL,NULL),(556,'23072016-003',2,15000,3,NULL,NULL),(557,'25072016-002',2,15000,1,NULL,NULL),(558,'02062016-004',2,15000,1,NULL,NULL),(559,'22072016-005',2,15000,3,NULL,NULL),(560,'12082016-007',2,15000,120,NULL,NULL),(561,'25082016-003',2,15000,1,NULL,NULL),(562,'31082016-007',2,15000,1,NULL,NULL),(563,'01092016-006',2,15000,10,NULL,NULL),(564,'27082016-004',2,15000,2,NULL,NULL),(565,'28072016-002',2,15000,8,NULL,NULL),(566,'08092016-009',6,300000,1,NULL,NULL),(567,'05092016-005',2,15000,10,NULL,NULL),(568,'12112016-002',2,15000,9,NULL,NULL),(569,'04082016-006',2,15000,1,NULL,NULL),(570,'14102016-009',2,15000,1,NULL,NULL),(571,'01092016-007',2,15000,3,NULL,NULL),(572,'03082016-005',2,15000,2,NULL,NULL),(573,'02112016-009',2,15000,3,NULL,NULL),(574,'31082016-008',1,30000,4,NULL,NULL),(575,'25082016-004',1,30000,6,NULL,NULL),(576,'18102016-002',2,15000,12,NULL,NULL),(577,'15092016-007',2,15000,6,NULL,NULL),(578,'29062016-003',2,15000,2,NULL,NULL),(579,'07092016-012',2,15000,2,NULL,NULL),(580,'10112016-009',2,15000,1,NULL,NULL),(581,'25082016-005',2,15000,8,NULL,NULL),(582,'09092016-001',2,15000,1,NULL,NULL),(583,'09082016-003',2,15000,1,NULL,NULL),(584,'11102016-008',2,15000,1,NULL,NULL),(585,'15092016-008',7,50000,2,NULL,NULL),(586,'12082016-008',2,15000,2,NULL,NULL),(587,'01102016-002',2,15000,2,NULL,NULL),(588,'16082016-003',2,15000,6,NULL,NULL),(589,'05102016-013',2,15000,6,NULL,NULL),(590,'06102016-010',2,15000,1,NULL,NULL),(591,'18082016-003',2,15000,2,NULL,NULL),(592,'14102016-010',6,300000,1,NULL,NULL),(593,'13102016-007',2,15000,2,NULL,NULL),(594,'30082016-003',2,15000,1,NULL,NULL),(595,'08102016-004',2,15000,1,NULL,NULL),(596,'26092016-004',2,15000,4,NULL,NULL),(597,'21102016-004',2,15000,2,NULL,NULL),(598,'24092016-002',2,15000,8,NULL,NULL),(599,'15102016-002',8,12000,10,NULL,NULL),(600,'08102016-005',2,15000,12,NULL,NULL),(601,'13102016-008',1,30000,6,NULL,NULL),(602,'02082016-003',2,15000,3,NULL,NULL),(603,'10082016-008',2,15000,2,NULL,NULL),(604,'18102016-003',9,6000,250,NULL,NULL),(605,'20102016-005',9,6000,120,NULL,NULL),(606,'30062016-006',2,15000,1,NULL,NULL),(607,'13102016-009',1,30000,1,NULL,NULL),(608,'28102016-003',2,15000,3,NULL,NULL),(609,'06102016-011',2,15000,16,NULL,NULL),(610,'02092016-003',2,15000,3,NULL,NULL),(611,'08092016-010',1,30000,105,NULL,NULL),(612,'09112016-011',1,30000,5,NULL,NULL),(613,'09092016-002',2,15000,1,NULL,NULL),(614,'14102016-011',2,15000,3,NULL,NULL),(615,'23112016-008',2,15000,4,NULL,NULL),(616,'21112016-005',2,15000,7,NULL,NULL),(617,'14092016-012',2,15000,50,NULL,NULL),(618,'10122016-001',1,30000,24,NULL,NULL),(619,'17092016-001',2,15000,21,NULL,NULL),(620,'17112016-006',10,38000,100,NULL,NULL),(621,'25112016-003',2,15000,1,NULL,NULL),(622,'08112016-005',2,15000,20,NULL,NULL),(623,'27092016-008',2,15000,2,NULL,NULL),(624,'28092016-007',2,15000,1,NULL,NULL),(625,'02082016-004',2,15000,4,NULL,NULL),(626,'03102016-009',2,15000,10,NULL,NULL),(627,'11102016-009',2,15000,5,NULL,NULL),(628,'07112016-005',1,30000,3,NULL,NULL),(629,'27122016-001',1,30000,3,NULL,NULL),(630,'08092016-011',2,15000,1,NULL,NULL),(631,'04102016-010',2,15000,4,NULL,NULL),(632,'18102016-004',2,15000,1,NULL,NULL),(633,'14122016-003',2,15000,4,NULL,NULL),(634,'05102016-014',1,30000,2,NULL,NULL),(635,'05112016-003',2,15000,1,NULL,NULL),(636,'06102016-012',2,15000,6,NULL,NULL),(637,'07102016-007',2,15000,1,NULL,NULL),(638,'10102016-006',2,15000,4,NULL,NULL),(639,'12112016-003',2,15000,1,NULL,NULL),(640,'12102016-008',2,15000,24,NULL,NULL),(641,'13102016-010',2,15000,2,NULL,NULL),(642,'14102016-012',2,15000,10,NULL,NULL),(643,'13102016-011',2,15000,1,NULL,NULL),(644,'13102016-012',2,15000,33,NULL,NULL),(645,'14102016-013',2,15000,3,NULL,NULL),(646,'14102016-014',1,30000,6,NULL,NULL),(647,'15102016-003',2,15000,3,NULL,NULL),(648,'28112016-001',2,15000,1,NULL,NULL),(649,'19102016-004',3,14000,10,NULL,NULL),(650,'24102016-002',2,15000,2,NULL,NULL),(651,'25102016-003',2,15000,3,NULL,NULL),(652,'27102016-004',2,15000,2,NULL,NULL),(653,'31102016-004',2,15000,1,NULL,NULL),(654,'03112016-005',2,15000,1,NULL,NULL),(655,'04112016-007',2,15000,2,NULL,NULL),(656,'12112016-004',2,15000,100,NULL,NULL),(657,'28112016-002',2,15000,200,NULL,NULL),(658,'04112016-008',3,14000,10,NULL,NULL),(659,'04112016-009',2,15000,1,NULL,NULL),(660,'04112016-010',2,15000,12,NULL,NULL),(661,'08112016-006',2,15000,5,NULL,NULL),(662,'09112016-012',2,15000,60,NULL,NULL),(663,'11102016-010',2,15000,5,NULL,NULL),(664,'12112016-005',10,38000,30,NULL,NULL),(665,'15112016-005',2,15000,1,NULL,NULL),(666,'19112016-003',8,12000,1,NULL,NULL),(667,'19112016-004',2,15000,5,NULL,NULL),(668,'21112016-006',2,15000,3,NULL,NULL),(669,'22112016-002',9,6000,1,NULL,NULL),(670,'30122016-002',2,15000,1,NULL,NULL),(671,'23112016-009',2,15000,4,NULL,NULL),(672,'26112016-001',2,15000,2,NULL,NULL),(673,'26112016-002',2,15000,1,NULL,NULL),(674,'28112016-003',2,15000,3,NULL,NULL),(675,'28112016-004',2,15000,10,NULL,NULL),(676,'29112016-003',2,15000,100,NULL,NULL),(677,'30112016-001',2,15000,92,NULL,NULL),(678,'21122016-001',1,30000,2,NULL,NULL),(679,'01122016-002',2,15000,1,NULL,NULL),(680,'05122016-006',2,15000,1,NULL,NULL),(681,'05122016-006',2,15000,1,NULL,NULL),(682,'05122016-008',2,15000,3,NULL,NULL),(683,'06122016-002',2,15000,1,NULL,NULL),(684,'06122016-003',2,15000,2,NULL,NULL),(685,'06122016-004',2,15000,2,NULL,NULL),(686,'07122016-002',2,15000,2,NULL,NULL),(687,'10122016-002',2,15000,4,NULL,NULL),(688,'30122016-003',2,15000,4,NULL,NULL),(689,'13122016-003',2,15000,2,NULL,NULL),(690,'14122016-004',2,15000,2,NULL,NULL),(691,'17122016-001',2,15000,2,NULL,NULL),(692,'19122016-001',2,15000,4,NULL,NULL),(693,'22122016-001',2,15000,3,NULL,NULL),(694,'23122016-001',2,15000,1,NULL,NULL),(695,'28122016-003',2,15000,2,NULL,NULL),(696,'31122016-001',2,15000,6,NULL,NULL),(697,'07092016-013',3,14000,1,NULL,NULL),(698,'06122016-005',2,15000,2,NULL,NULL),(699,'09122016-002',2,15000,4,NULL,NULL),(700,'17122016-002',2,15000,2,NULL,NULL),(701,'18112016-004',8,12000,1,NULL,NULL),(702,'30112016-002',2,15000,2,NULL,NULL),(703,'01122016-003',2,15000,2,NULL,NULL),(704,'15122016-002',2,15000,4,NULL,NULL),(705,'17102016-004',2,15000,1,NULL,NULL),(706,'18102016-005',2,15000,6,NULL,NULL),(707,'30112016-003',2,15000,1,NULL,NULL),(708,'01122016-004',2,15000,3,NULL,NULL),(709,'15122016-003',2,15000,2,NULL,NULL),(710,'16062016-005',2,15000,20,NULL,NULL),(711,'03102016-010',1,30000,20,NULL,NULL),(712,'12102016-009',2,15000,8,NULL,NULL),(713,'17102016-005',2,15000,3,NULL,NULL),(714,'19102016-005',2,15000,1,NULL,NULL),(715,'30122016-004',1,30000,8,NULL,NULL),(716,'29082016-001',2,15000,12,NULL,NULL),(717,'06072016-005',2,15000,5,NULL,NULL),(718,'15062016-006',11,3500,31,NULL,NULL),(719,'01112016-006',2,15000,12,NULL,NULL),(720,'07112016-006',2,15000,12,NULL,NULL),(721,'13072016-004',3,14000,6,NULL,NULL),(722,'30072016-005',3,14000,10,NULL,NULL),(723,'15072017-001',2,15000,2,NULL,NULL),(724,'30072016-005',2,15000,1,NULL,NULL),(725,'03082016-006',2,15000,1,NULL,NULL),(726,'11082016-006',2,15000,4,NULL,NULL),(727,'06082016-004',2,15000,2,NULL,NULL),(728,'13082016-002',2,15000,12,NULL,NULL),(729,'12082016-009',2,15000,20,NULL,NULL),(730,'11082016-006',2,15000,20,NULL,NULL),(731,'20082016-002',2,15000,15,NULL,NULL),(732,'24082016-002',2,15000,2,NULL,NULL),(733,'21082016-003',2,15000,8,NULL,NULL),(734,'20082016-002',2,15000,8,NULL,NULL),(735,'05082016-004',2,15000,1,NULL,NULL),(736,'10092016-005',2,15000,12,NULL,NULL),(737,'09092016-003',2,15000,2,NULL,NULL),(738,'16092016-004',2,15000,14,NULL,NULL),(739,'22092016-004',2,15000,7,NULL,NULL),(740,'27082016-005',2,15000,11,NULL,NULL),(741,'14092016-013',2,15000,12,NULL,NULL),(742,'09092016-003',2,15000,3,NULL,NULL),(743,'13082016-002',2,15000,22,NULL,NULL),(744,'19082016-003',2,15000,12,NULL,NULL),(745,'16072016-003',2,15000,1,NULL,NULL),(746,'27082016-005',2,15000,1,NULL,NULL),(747,'17092016-002',2,15000,9,NULL,NULL),(748,'03092016-004',2,15000,2,NULL,NULL),(749,'10092016-005',2,15000,2,NULL,NULL),(750,'30092016-004',2,15000,17,NULL,NULL),(751,'05102016-015',2,15000,14,NULL,NULL),(752,'10072016-001',2,15000,12,NULL,NULL),(753,'28102016-004',2,15000,25,NULL,NULL),(754,'12102016-010',2,15000,8,NULL,NULL),(755,'02112016-010',2,15000,32,NULL,NULL),(756,'08102016-006',2,15000,1,NULL,NULL),(757,'13102016-013',2,15000,2,NULL,NULL),(758,'02112016-010',2,15000,8,NULL,NULL),(759,'03112016-006',2,15000,4,NULL,NULL),(760,'10112016-010',2,15000,4,NULL,NULL),(761,'08112016-007',2,15000,2,NULL,NULL),(762,'07042017-001',2,15000,6,NULL,NULL),(763,'26112016-003',2,15000,1,NULL,NULL),(764,'09112016-013',2,15000,1,NULL,NULL),(766,'15102016-004',2,15000,1,NULL,NULL),(767,'08092016-012',2,15000,5,NULL,NULL),(768,'18112016-005',2,15000,12,NULL,NULL),(769,'18112016-005',2,15000,12,NULL,NULL),(770,'15102016-004',2,15000,15,NULL,NULL),(771,'16112016-006',2,15000,2,NULL,NULL),(772,'02122016-005',2,15000,14,NULL,NULL),(773,'10112016-010',2,15000,1,NULL,NULL),(774,'26112016-003',2,15000,1,NULL,NULL),(775,'04112016-011',3,14000,22,NULL,NULL),(776,'23112016-010',2,15000,47,NULL,NULL),(777,'01112016-007',2,15000,8,NULL,NULL),(778,'10092016-007',2,15000,23,NULL,NULL),(779,'06122016-006',2,15000,410,NULL,NULL),(780,'13072016-005',2,15000,250,NULL,NULL),(781,'08062016-006',2,15000,15,NULL,NULL),(782,'17082016-004',2,15000,150,NULL,NULL),(783,'11072017-001',2,15000,37,NULL,NULL),(784,'18082016-004',2,15000,4,NULL,NULL),(785,'07062016-005',2,15000,18,NULL,NULL),(786,'08112016-008',2,15000,2,NULL,NULL),(787,'05072016-001',2,15000,9,NULL,NULL),(788,'29082016-002',2,15000,24,NULL,NULL),(789,'28092016-008',2,15000,48,NULL,NULL),(790,'15072016-004',2,15000,33,NULL,NULL),(791,'02112016-012',2,15000,216,NULL,NULL),(792,'03092016-005',2,15000,34,NULL,NULL),(793,'19082016-004',2,15000,4,NULL,NULL),(794,'25082016-006',2,15000,1,NULL,NULL),(795,'13072016-005',2,15000,1,NULL,NULL),(796,'30082016-004',2,15000,11,NULL,NULL),(797,'07092016-014',2,15000,16,NULL,NULL),(798,'29082016-002',2,15000,31,NULL,NULL),(799,'10112016-012',2,15000,34,NULL,NULL),(800,'17092016-003',2,15000,43,NULL,NULL),(801,'08112016-008',2,15000,3,NULL,NULL),(802,'01092016-008',2,15000,25,NULL,NULL),(803,'29082016-002',2,15000,36,NULL,NULL),(804,'31102016-005',2,15000,10,NULL,NULL),(805,'03062016-003',2,15000,14,NULL,NULL),(806,'07102016-008',2,15000,28,NULL,NULL),(807,'08092016-013',2,15000,9,NULL,NULL),(808,'29062016-004',2,15000,20,NULL,NULL),(809,'21072016-003',2,15000,23,NULL,NULL),(810,'08062016-006',2,15000,2,NULL,NULL),(811,'27062016-002',2,15000,12,NULL,NULL),(812,'22072016-006',2,15000,40,NULL,NULL),(813,'11012016-001',2,15000,18,NULL,NULL),(814,'12082016-010',2,15000,51,NULL,NULL),(815,'12082016-010',2,15000,12,NULL,NULL),(816,'06072016-006',2,15000,28,NULL,NULL),(817,'22112016-003',2,15000,5,NULL,NULL),(818,'30062016-007',2,15000,14,NULL,NULL),(819,'29062016-004',2,15000,14,NULL,NULL),(821,'14102016-015',2,15000,19,NULL,NULL),(822,'14102016-015',2,15000,120,NULL,NULL),(823,'14102016-015',2,15000,14,NULL,NULL),(824,'14102016-015',2,15000,20,NULL,NULL),(825,'14102016-015',2,15000,20,NULL,NULL),(826,'14102016-015',2,15000,8,NULL,NULL),(827,'14102016-015',2,15000,9,NULL,NULL),(828,'14102016-015',2,15000,24,NULL,NULL),(829,'14102016-015',2,15000,28,NULL,NULL),(830,'27102016-005',2,15000,22,NULL,NULL),(831,'27102016-005',2,15000,2,NULL,NULL),(832,'27102016-005',2,15000,24,NULL,NULL),(833,'29102016-002',2,15000,66,NULL,NULL),(834,'29102016-002',2,15000,564,NULL,NULL),(835,'29102016-002',2,15000,6,NULL,NULL),(836,'07122016-003',2,15000,72,NULL,NULL),(837,'06122016-006',2,15000,42,NULL,NULL),(838,'16122016-001',2,15000,4,NULL,NULL),(839,'16122016-001',2,15000,24,NULL,NULL),(840,'16122016-001',2,15000,38,NULL,NULL),(842,'16122016-001',2,15000,112,NULL,NULL),(843,'23122016-002',2,15000,7,NULL,NULL),(844,'23122016-002',2,15000,30,NULL,NULL),(845,'02112016-013',2,15000,1,NULL,NULL),(846,'02112016-013',2,15000,2,NULL,NULL),(847,'02112016-013',2,15000,3,NULL,NULL),(848,'06102016-013',1,30000,9,NULL,NULL),(849,'06122016-008',1,30000,2,NULL,NULL),(850,'14102016-024',1,30000,1,NULL,NULL),(851,'08112016-010',1,30000,1,NULL,NULL),(852,'06092016-005',2,15000,1,NULL,NULL),(853,'06122016-008',2,15000,1,NULL,NULL),(854,'13102016-014',2,15000,124,NULL,NULL),(855,'06122016-008',2,15000,2,NULL,NULL),(856,'19122016-002',2,15000,1,NULL,NULL),(857,'19122016-002',2,15000,5,NULL,NULL),(858,'19122016-002',2,15000,2,NULL,NULL),(859,'28122016-004',2,15000,1,NULL,NULL),(860,'19122016-002',2,15000,3,NULL,NULL),(861,'06122016-011',3,14000,6,NULL,NULL),(862,'14092016-014',1,30000,1,NULL,NULL),(863,'02122016-006',1,30000,5,NULL,NULL),(864,'15072016-005',3,14000,4,NULL,NULL),(865,'14092016-014',1,30000,1,NULL,NULL),(866,'13072016-007',2,15000,12,NULL,NULL),(867,'28122016-005',2,15000,6,NULL,NULL),(868,'10082016-009',2,15000,1,NULL,NULL),(869,'05122016-009',2,15000,2,NULL,NULL),(870,'05122016-009',2,15000,2,NULL,NULL),(871,'26122016-001',2,15000,3,NULL,NULL),(872,'26122016-001',2,15000,3,NULL,NULL),(874,'10112016-013',2,15000,8,NULL,NULL),(875,'06122016-012',2,15000,1,NULL,NULL),(876,'02122016-007',2,15000,1,NULL,NULL),(877,'20122016-003',2,15000,2,NULL,NULL),(878,'20122016-003',2,15000,9,NULL,NULL),(879,'01102016-003',2,15000,10,NULL,NULL),(881,'01102016-003',2,15000,6,NULL,NULL),(882,'13122016-004',2,15000,4,NULL,NULL),(883,'13122016-004',2,15000,5,NULL,NULL),(884,'13122016-004',2,15000,1,NULL,NULL),(885,'24092016-003',2,15000,4,NULL,NULL),(886,'24092016-003',2,15000,2,NULL,NULL),(887,'24092016-003',2,15000,2,NULL,NULL),(888,'24092016-003',2,15000,2,NULL,NULL),(889,'24092016-003',2,15000,1,NULL,NULL),(890,'09112016-014',2,15000,8,NULL,NULL),(891,'08062016-008',2,15000,11,NULL,NULL),(892,'05122016-011',2,15000,2,NULL,NULL),(893,'13072016-008',2,15000,1,NULL,NULL),(894,'02112016-016',2,15000,2,NULL,NULL),(895,'01122016-005',2,15000,1,NULL,NULL),(896,'02122016-008',2,15000,1,NULL,NULL),(897,'30062016-009',2,15000,4,NULL,NULL),(898,'07042017-002',1,30000,4,NULL,NULL),(899,'17062017-001',1,30000,2,NULL,NULL),(900,'11112016-005',8,12000,5,NULL,NULL),(901,'06072016-007',2,15000,1,NULL,NULL),(902,'07122016-004',2,15000,10,NULL,NULL),(903,'12082016-012',2,15000,2,NULL,NULL),(904,'07092016-015',2,15000,1,NULL,NULL),(905,'05102016-016',2,15000,1,NULL,NULL),(906,'01072016-002',2,15000,1,NULL,NULL),(907,'08062016-009',2,15000,1,NULL,NULL),(908,'08092016-014',2,15000,32,NULL,NULL),(909,'10082016-010',2,15000,8,NULL,NULL),(910,'08092016-014',2,15000,16,NULL,NULL),(911,'06072016-008',2,15000,1,NULL,NULL),(912,'06122016-013',2,15000,1,NULL,NULL),(913,'17052017-001',2,15000,1,NULL,NULL),(914,'30062016-010',2,15000,23,NULL,NULL),(915,'07042017-003',2,15000,1,NULL,NULL),(916,'07042017-003',2,15000,3,NULL,NULL),(917,'07072016-004',2,15000,1,NULL,NULL),(918,'08062016-009',2,15000,3,NULL,NULL),(919,'17052017-001',2,15000,2,NULL,NULL),(920,'06012016-001',2,15000,3,NULL,NULL),(921,'28062016-004',2,15000,3,NULL,NULL),(922,'18072016-004',2,15000,3,NULL,NULL),(923,'29082016-005',2,15000,3,NULL,NULL),(924,'22072016-007',2,15000,11,NULL,NULL),(925,'06082016-005',2,15000,35,NULL,NULL),(926,'08072016-006',2,15000,1,NULL,NULL),(927,'14072016-005',2,15000,7,NULL,NULL),(928,'09112016-015',2,15000,4,NULL,NULL),(929,'07092016-016',2,15000,32,NULL,NULL),(930,'09072016-004',2,15000,6,NULL,NULL),(931,'14072016-005',2,15000,8,NULL,NULL),(932,'21082016-004',2,15000,2,NULL,NULL),(933,'10082016-011',2,15000,2,NULL,NULL),(934,'22072016-007',2,15000,7,NULL,NULL),(935,'01092016-009',2,15000,1,NULL,NULL),(936,'06072016-009',2,15000,12,NULL,NULL),(937,'21102016-005',2,15000,6,NULL,NULL),(938,'21102016-005',2,15000,3,NULL,NULL),(939,'21102016-005',2,15000,5,NULL,NULL),(940,'16112016-007',2,15000,5,NULL,NULL),(941,'21102016-005',2,15000,19,NULL,NULL),(942,'21102016-005',2,15000,4,NULL,NULL),(943,'21102016-005',2,15000,5,NULL,NULL),(944,'21102016-005',1,30000,1,NULL,NULL),(945,'21102016-005',2,15000,10,NULL,NULL),(946,'21102016-005',1,30000,1,NULL,NULL),(947,'21102016-005',2,15000,11,NULL,NULL),(948,'21102016-005',2,15000,6,NULL,NULL),(949,'21102016-005',2,15000,7,NULL,NULL),(950,'21102016-005',2,15000,8,NULL,NULL),(951,'21102016-005',2,15000,8,NULL,NULL),(952,'21102016-019',3,14000,6,NULL,NULL),(953,'21102016-019',1,30000,3,NULL,NULL),(954,'21092016-003',2,15000,3,NULL,NULL),(955,'21092016-003',2,15000,2,NULL,NULL),(956,'06072016-010',2,15000,12,NULL,NULL),(957,'07072016-005',1,30000,2,NULL,NULL),(958,'22072016-009',2,15000,3,NULL,NULL),(959,'10112016-014',2,15000,3,NULL,NULL),(960,'21102016-019',2,15000,9,NULL,NULL),(961,'09112016-016',2,15000,2,NULL,NULL),(962,'24082016-003',2,15000,6,NULL,NULL),(963,'05082017-001',2,15000,2,NULL,NULL),(964,'21122016-002',2,15000,13,NULL,NULL),(965,'10112016-014',2,15000,3,NULL,NULL),(966,'02122016-009',2,15000,2,NULL,NULL),(967,'14092016-016',2,15000,12,NULL,NULL),(968,'18082017-001',2,15000,6,NULL,NULL),(969,'07072016-005',2,15000,13,NULL,NULL),(970,'25082016-007',2,15000,11,NULL,NULL),(971,'27102016-008',2,15000,1,NULL,NULL),(972,'20102017-001',2,15000,1,NULL,NULL),(973,'19102016-006',2,15000,3,NULL,NULL),(974,'21072016-004',2,15000,3,NULL,NULL),(975,'16112016-008',2,15000,12,NULL,NULL),(976,'28102016-005',2,15000,9,NULL,NULL),(977,'24062016-002',2,15000,2,NULL,NULL),(978,'29102016-005',2,15000,4,NULL,NULL),(979,'29072016-002',2,15000,1,NULL,NULL),(980,'13092017-001',2,15000,1,NULL,NULL),(981,'08092016-016',2,15000,3,NULL,NULL),(982,'24092016-008',2,15000,3,NULL,NULL),(983,'08072016-007',2,15000,3,NULL,NULL),(984,'01122016-006',2,15000,2,NULL,NULL),(985,'18092016-002',1,30000,3,NULL,NULL),(986,'22092016-005',2,15000,6,NULL,NULL),(987,'30062016-011',2,15000,1,NULL,NULL),(988,'27092016-009',2,15000,3,NULL,NULL),(989,'10112016-014',2,15000,32,NULL,NULL),(990,'04112016-012',2,15000,3,NULL,NULL);

/*Table structure for table `jasa` */

DROP TABLE IF EXISTS `jasa`;

CREATE TABLE `jasa` (
  `kode_jasa` int(11) NOT NULL AUTO_INCREMENT,
  `nama_jasa` varchar(128) NOT NULL,
  `harga` float NOT NULL,
  `keterangan` text NOT NULL,
  `status` enum('Aktif','Tidak Aktif') NOT NULL,
  PRIMARY KEY (`kode_jasa`)
) ENGINE=InnoDB AUTO_INCREMENT=12 DEFAULT CHARSET=latin1;

/*Data for the table `jasa` */

insert  into `jasa`(`kode_jasa`,`nama_jasa`,`harga`,`keterangan`,`status`) values (1,'Spanduk Korcin',30000,'permeter','Aktif'),(2,'Spanduk Flexi',15000,'permeter','Aktif'),(3,'Spanduk Biasa',14000,'permeter','Aktif'),(4,'X Banner',80000,'permeter','Aktif'),(5,'Jasa Desain',25000,'perfile','Aktif'),(6,'Roll Up',300000,'80 x 200','Aktif'),(7,'Cetak Brosur',50000,'1 x 1 meter','Aktif'),(8,'Sticker Cromo',12000,'1 x 1 meter','Aktif'),(9,'Paper Bag',6000,'per bag','Aktif'),(10,'Cetak Yasin',38000,'per buku\r\n','Aktif'),(11,'Print Sertifikat',3500,'perlembar\r\n','Aktif');

/*Table structure for table `kandidat_wilayah_pasar` */

DROP TABLE IF EXISTS `kandidat_wilayah_pasar`;

CREATE TABLE `kandidat_wilayah_pasar` (
  `kode_kandidat_wilayah_pasar` int(11) NOT NULL AUTO_INCREMENT,
  `kode_wilayah_pasar` int(11) NOT NULL,
  `kode_periode_penilaian` int(11) NOT NULL,
  `status_kandidat` enum('Ya','Tidak','Dalam Proses') NOT NULL,
  `status_pemilihan` enum('Ya','Tidak','Dalam Proses') NOT NULL,
  `status_segmentasi` enum('Dalam Proses','Sudah','Belum') NOT NULL,
  `hasil_penilaian` float NOT NULL,
  PRIMARY KEY (`kode_kandidat_wilayah_pasar`),
  KEY `kode_wilayah_pasar` (`kode_wilayah_pasar`),
  KEY `kode_periode_penilaian` (`kode_periode_penilaian`),
  CONSTRAINT `kandidat_wilayah_pasar_ibfk_1` FOREIGN KEY (`kode_wilayah_pasar`) REFERENCES `wilayah_pasar` (`kode_wilayah_pasar`) ON DELETE CASCADE ON UPDATE CASCADE,
  CONSTRAINT `kandidat_wilayah_pasar_ibfk_2` FOREIGN KEY (`kode_periode_penilaian`) REFERENCES `periode_penilaian` (`kode_periode_penilaian`) ON DELETE CASCADE ON UPDATE CASCADE
) ENGINE=InnoDB DEFAULT CHARSET=latin1;

/*Data for the table `kandidat_wilayah_pasar` */

/*Table structure for table `kriteria_penilaian_segmentasi` */

DROP TABLE IF EXISTS `kriteria_penilaian_segmentasi`;

CREATE TABLE `kriteria_penilaian_segmentasi` (
  `kode_kriteria_penilaian_segmentasi` int(11) NOT NULL AUTO_INCREMENT,
  `nama_kriteria_penilaian_segmentasi` varchar(255) NOT NULL,
  `bobot_kriteria_penilaian_segmentasi` float NOT NULL,
  `kategori_kriteria_penilaian_segmentasi` enum('Belum Ditentukan','Cost','Benefit') DEFAULT NULL,
  `status` enum('Aktif','Tidak Aktif') NOT NULL,
  PRIMARY KEY (`kode_kriteria_penilaian_segmentasi`)
) ENGINE=InnoDB AUTO_INCREMENT=7 DEFAULT CHARSET=latin1;

/*Data for the table `kriteria_penilaian_segmentasi` */

insert  into `kriteria_penilaian_segmentasi`(`kode_kriteria_penilaian_segmentasi`,`nama_kriteria_penilaian_segmentasi`,`bobot_kriteria_penilaian_segmentasi`,`kategori_kriteria_penilaian_segmentasi`,`status`) values (1,'Banyaknya Industri',5,'Benefit','Aktif'),(2,'Banyaknya Sekolah',5,'Benefit','Aktif'),(3,'Banyaknya Universitas',5,'Benefit','Aktif'),(5,'Banyaknya Jumlah Transaksi (%)',5,'Benefit','Aktif'),(6,'Banyak Jumlah Penduduk Bekerja',4,'Benefit','Aktif');

/*Table structure for table `nilai_wilayah_pasar` */

DROP TABLE IF EXISTS `nilai_wilayah_pasar`;

CREATE TABLE `nilai_wilayah_pasar` (
  `kode_nilai_wilayah_pasar` int(11) NOT NULL AUTO_INCREMENT,
  `kode_kriteria_penilaian_segmentasi` int(11) NOT NULL,
  `kode_kandidat_wilayah_pasar` int(11) NOT NULL,
  `nilai_alternatif` float NOT NULL,
  PRIMARY KEY (`kode_nilai_wilayah_pasar`),
  KEY `kode_kriteria_penilaian_segmentasi` (`kode_kriteria_penilaian_segmentasi`),
  KEY `kode_wilayah_pasar` (`kode_kandidat_wilayah_pasar`),
  CONSTRAINT `nilai_wilayah_pasar_ibfk_3` FOREIGN KEY (`kode_kriteria_penilaian_segmentasi`) REFERENCES `kriteria_penilaian_segmentasi` (`kode_kriteria_penilaian_segmentasi`) ON DELETE CASCADE ON UPDATE CASCADE,
  CONSTRAINT `nilai_wilayah_pasar_ibfk_5` FOREIGN KEY (`kode_kandidat_wilayah_pasar`) REFERENCES `kandidat_wilayah_pasar` (`kode_kandidat_wilayah_pasar`) ON DELETE CASCADE ON UPDATE CASCADE
) ENGINE=InnoDB DEFAULT CHARSET=latin1;

/*Data for the table `nilai_wilayah_pasar` */

/*Table structure for table `pegawai` */

DROP TABLE IF EXISTS `pegawai`;

CREATE TABLE `pegawai` (
  `nik` varchar(16) NOT NULL,
  `nama_pegawai` varchar(128) NOT NULL,
  `jabatan` varchar(32) NOT NULL,
  `alamat` text NOT NULL,
  `no_kontak` varchar(16) NOT NULL,
  `status` enum('Aktif','Tidak Aktif') NOT NULL,
  PRIMARY KEY (`nik`)
) ENGINE=InnoDB DEFAULT CHARSET=latin1;

/*Data for the table `pegawai` */

insert  into `pegawai`(`nik`,`nama_pegawai`,`jabatan`,`alamat`,`no_kontak`,`status`) values ('001100298','Direktur Umum','Direktur Wayn Graph','-','-','Aktif'),('002020299','General Manager','Manager Wayn Graph','-','-','Aktif'),('003121202','Administrasi','Staff Administrasi','-','-','Aktif'),('004090989','Marketing','Marketing Wayn Graph','-','-','Aktif');

/*Table structure for table `pelanggan` */

DROP TABLE IF EXISTS `pelanggan`;

CREATE TABLE `pelanggan` (
  `kode_pelanggan` int(11) NOT NULL AUTO_INCREMENT,
  `kode_wilayah_pasar` int(11) NOT NULL,
  `nama_pelanggan` varchar(128) NOT NULL,
  `alamat` text NOT NULL,
  `no_kontak` varchar(16) NOT NULL,
  `username` varchar(128) DEFAULT NULL,
  `unencrypt_password` varchar(255) DEFAULT NULL,
  `password` varchar(255) DEFAULT NULL,
  `email` varchar(128) DEFAULT NULL,
  `tanggal_update` datetime NOT NULL,
  `status` enum('Aktif','Tidak Aktif') NOT NULL,
  `aktivasi` enum('Ya','Tidak') NOT NULL,
  `expired_token_aktivasi` datetime NOT NULL,
  PRIMARY KEY (`kode_pelanggan`),
  KEY `kode_wilayah_pasar` (`kode_wilayah_pasar`),
  CONSTRAINT `pelanggan_ibfk_2` FOREIGN KEY (`kode_wilayah_pasar`) REFERENCES `wilayah_pasar` (`kode_wilayah_pasar`) ON DELETE CASCADE ON UPDATE CASCADE
) ENGINE=InnoDB AUTO_INCREMENT=199 DEFAULT CHARSET=latin1;

/*Data for the table `pelanggan` */

insert  into `pelanggan`(`kode_pelanggan`,`kode_wilayah_pasar`,`nama_pelanggan`,`alamat`,`no_kontak`,`username`,`unencrypt_password`,`password`,`email`,`tanggal_update`,`status`,`aktivasi`,`expired_token_aktivasi`) values (1,9,'PAK YOGA','Jl. Astana Anyar','085 291 054 444','pakyogaas','userwayngraph','2d52200a205f77b8c4631b41e5d6f0e5','-','2017-08-05 16:00:06','Aktif','Ya','2017-08-05 16:00:06'),(2,36,'PAK UJANG BE','Jl. Cihanjuang 202 Cmh','081 805 845 958','pakujangbe','userwayngraph','2d52200a205f77b8c4631b41e5d6f0e5','-','2017-08-05 14:36:48','Aktif','Ya','2017-08-05 14:36:48'),(3,35,'PAK YANTO','Jl. Cibeber Cmh Tengah','081 345 688 678','pakyanto','userwayngraph','2d52200a205f77b8c4631b41e5d6f0e5','-','2017-08-05 14:36:48','Aktif','Ya','2017-08-05 14:36:48'),(4,44,'G PRINT','Asrama Polisi?Militer Purwokerto','081 245 688 678','gprint','userwayngraph','2d52200a205f77b8c4631b41e5d6f0e5','-','2017-08-05 14:36:48','Aktif','Ya','2017-08-05 14:36:48'),(5,13,'PAK NANANG','Buah Batu','081 326 666 671','paknanang','userwayngraph','2d52200a205f77b8c4631b41e5d6f0e5','-','2017-08-05 14:36:48','Aktif','Ya','2017-08-05 14:36:48'),(6,20,'SMK CHEMICA','Jl. Jakarta','085 640 076 169','smkchemica','userwayngraph','2d52200a205f77b8c4631b41e5d6f0e5','-','2017-08-05 14:36:48','Aktif','Ya','2017-08-05 14:36:48'),(7,13,'LEE','Telkom','081 391 842 844','lee','userwayngraph','2d52200a205f77b8c4631b41e5d6f0e5','-','2017-08-05 14:36:48','Aktif','Ya','2017-08-05 14:36:48'),(8,24,'PAK FAAT','Bandung Kota','085 291 054 456','pakfaat','userwayngraph','2d52200a205f77b8c4631b41e5d6f0e5','-','2017-08-05 14:36:48','Aktif','Ya','2017-08-05 14:36:48'),(9,36,'ECOS','Gatsu Cmh','081 805 845 978','ecos','userwayngraph','2d52200a205f77b8c4631b41e5d6f0e5','-','2017-08-05 14:36:48','Aktif','Ya','2017-08-05 14:36:48'),(10,18,'PAK AHMAD','Jl. Cisaranten','081 325 628 678','pakahmad','userwayngraph','2d52200a205f77b8c4631b41e5d6f0e5','-','2017-08-05 14:36:48','Aktif','Ya','2017-08-05 14:36:48'),(11,45,'KATIMU','Ngamprah KBB','081 325 551 775','katimu','userwayngraph','2d52200a205f77b8c4631b41e5d6f0e5','-','2017-08-05 14:36:48','Aktif','Ya','2017-08-05 14:36:48'),(12,23,'GHUROBA','Jl. Ahmad Yani 208','081 325 330 940','ghuroba','userwayngraph','2d52200a205f77b8c4631b41e5d6f0e5','-','2017-08-05 14:36:48','Aktif','Ya','2017-08-05 14:36:48'),(13,15,'PROPAM POLDA JBR','Jl. Bhayangkara A?asrama polda jabar?blok D4 ','081 390 718 392','propampoldajbr','userwayngraph','2d52200a205f77b8c4631b41e5d6f0e5','-','2017-08-05 14:36:48','Aktif','Ya','2017-08-05 14:36:48'),(14,9,'RONEL','Jl. Sudirman','081 326 279 171','ronel','userwayngraph','2d52200a205f77b8c4631b41e5d6f0e5','-','2017-08-05 14:36:48','Aktif','Ya','2017-08-05 14:36:48'),(15,41,'MJL','Majalaya','085 225 789 398','mjl','userwayngraph','2d52200a205f77b8c4631b41e5d6f0e5','-','2017-08-05 14:36:48','Aktif','Ya','2017-08-05 14:36:48'),(16,27,'RJ SETTING','Jl. Wastukencana 48 a','085 229 762 084','rjsetting','userwayngraph','2d52200a205f77b8c4631b41e5d6f0e5','-','2017-08-05 14:36:48','Aktif','Ya','2017-08-05 14:36:48'),(17,36,'BETA','Jl.Hajigofur Cmh','081 326 707 819','beta','userwayngraph','2d52200a205f77b8c4631b41e5d6f0e5','-','2017-08-05 14:36:48','Aktif','Ya','2017-08-05 14:36:48'),(18,7,'A GUGUN','Jl. Bougenville D No.12','085 640 958 788','agugun','userwayngraph','2d52200a205f77b8c4631b41e5d6f0e5','akunting@mutifcorp.web.id','2017-08-05 14:36:48','','Ya','2017-08-05 14:36:48'),(19,43,'PAK ADE','Jl. Pasir jambu','081 225 342 539','pakade','userwayngraph','2d52200a205f77b8c4631b41e5d6f0e5','-','2017-08-05 14:36:48','Aktif','Ya','2017-08-05 14:36:48'),(20,31,'ATTO ARTDESIGN','Jl.Sukajadi','081 225 743 68','attoartdesign','userwayngraph','2d52200a205f77b8c4631b41e5d6f0e5','-','2017-08-05 14:36:48','Aktif','Ya','2017-08-05 14:36:48'),(21,24,'URBAN','Bandung Kota','087 833 615 041','urban','userwayngraph','2d52200a205f77b8c4631b41e5d6f0e5','-','2017-08-05 14:36:48','Aktif','Ya','2017-08-05 14:36:48'),(22,39,'PAK RENDI','Setra Duta','085327333861','pakrendi','userwayngraph','2d52200a205f77b8c4631b41e5d6f0e5','-','2017-08-05 14:36:48','Aktif','Ya','2017-08-05 14:36:48'),(23,38,'SEPTI','Jl. Kaung banjaran','085 265 789 398','septi','userwayngraph','2d52200a205f77b8c4631b41e5d6f0e5','-','2017-08-05 14:36:48','Aktif','Ya','2017-08-05 14:36:48'),(24,39,'KATUHU','Jl. Mekarwangi','085 229 762 084','katuhu','userwayngraph','2d52200a205f77b8c4631b41e5d6f0e5','-','2017-08-05 14:36:48','Aktif','Ya','2017-08-05 14:36:48'),(25,28,'KENDIGI','Jl. Sukarajin ','089 626 707 819','kendigi','userwayngraph','2d52200a205f77b8c4631b41e5d6f0e5','-','2017-08-05 14:36:48','Aktif','Ya','2017-08-05 14:36:48'),(26,24,'PAK IMAN','Veteran 41','082 225 342 539','pakiman','userwayngraph','2d52200a205f77b8c4631b41e5d6f0e5','-','2017-08-05 14:36:48','Aktif','Ya','2017-08-05 14:36:48'),(27,22,'MC ABADI','Jl. KiaraCondong no 121','021-6888367','mcabadi','userwayngraph','2d52200a205f77b8c4631b41e5d6f0e5','-','2017-08-05 14:36:48','Aktif','Ya','2017-08-05 14:36:48'),(28,22,'NUNU','Darmahusada','085 229 762 056','nunu','userwayngraph','2d52200a205f77b8c4631b41e5d6f0e5','-','2017-08-05 14:36:48','Aktif','Ya','2017-08-05 14:36:48'),(29,30,'PAK IMAM','Dago Asri','083 345 787 819','pakimam','userwayngraph','2d52200a205f77b8c4631b41e5d6f0e5','-','2017-08-05 14:36:48','Aktif','Ya','2017-08-05 14:36:48'),(30,25,'LUGAS','Jl. KebonJati','085 640 788 788','lugas','userwayngraph','2d52200a205f77b8c4631b41e5d6f0e5','-','2017-08-05 14:36:48','Aktif','Ya','2017-08-05 14:36:48'),(31,7,'IMAN','Jl. Pilar kencana','081 225 342 689','iman','userwayngraph','2d52200a205f77b8c4631b41e5d6f0e5','-','2017-08-05 14:36:48','Aktif','Ya','2017-08-05 14:36:48'),(32,41,'PAK NANA','Majalaya','081 780 342 689','paknana','userwayngraph','2d52200a205f77b8c4631b41e5d6f0e5','-','2017-08-05 14:36:48','Aktif','Ya','2017-08-05 14:36:48'),(33,11,'GIMAN','Jl. Pelajar Pejuang','081 222 342 689','giman','userwayngraph','2d52200a205f77b8c4631b41e5d6f0e5','-','2017-08-05 14:36:48','Aktif','Ya','2017-08-05 14:36:48'),(34,31,'OSSET','Jl. Sukagalih no63','081 833 615 041','osset','userwayngraph','2d52200a205f77b8c4631b41e5d6f0e5','-','2017-08-05 14:36:48','Aktif','Ya','2017-08-05 14:36:48'),(35,36,'ANGSANA ','Perum Pondok Mutiara Cmh','085322222685','angsana','userwayngraph','2d52200a205f77b8c4631b41e5d6f0e5','-','2017-08-05 14:36:48','Aktif','Ya','2017-08-05 14:36:48'),(36,36,'PAK ENO','Cmh','082223720347','pakeno','userwayngraph','2d52200a205f77b8c4631b41e5d6f0e5','-','2017-08-05 14:36:48','Aktif','Ya','2017-08-05 14:36:48'),(37,37,'MAHESA JAYA','Jl. Cibiru','082113720777','mahesajaya','userwayngraph','2d52200a205f77b8c4631b41e5d6f0e5','-','2017-08-05 14:36:48','Aktif','Ya','2017-08-05 14:36:48'),(38,36,'RONI','Jl. Terusan','089 632 444 507','roni','userwayngraph','2d52200a205f77b8c4631b41e5d6f0e5','-','2017-08-05 14:36:48','Aktif','Ya','2017-08-05 14:36:48'),(39,41,'ALI 41','Majalaya','0853-97243555','ali41','userwayngraph','2d52200a205f77b8c4631b41e5d6f0e5','-','2017-08-05 14:36:48','Aktif','Ya','2017-08-05 14:36:48'),(40,15,'PAK NISKO','Soekarno Hatta','085 776 422 447','paknisko','userwayngraph','2d52200a205f77b8c4631b41e5d6f0e5','-','2017-08-05 14:36:48','Aktif','Ya','2017-08-05 14:36:48'),(41,11,'SKOTE','Jl. Cilentah No.30','081219550857','skote','userwayngraph','2d52200a205f77b8c4631b41e5d6f0e5','-','2017-08-05 14:36:48','Aktif','Ya','2017-08-05 14:36:48'),(42,30,'ISTANA','Jl surapati 22','085 213 931 566','istana','userwayngraph','2d52200a205f77b8c4631b41e5d6f0e5','-','2017-08-05 14:36:48','Aktif','Ya','2017-08-05 14:36:48'),(43,36,'A LILI OFFSET','Jl. Jend. H. Amir Machmud Cmh','082190730146?','alilioffset','userwayngraph','2d52200a205f77b8c4631b41e5d6f0e5','-','2017-08-05 14:36:48','Aktif','Ya','2017-08-05 14:36:48'),(44,42,'DIMAS ALFABETA','Jl. Panorama 1 Lembang KBB','081 221 781 058','dimasalfabeta','userwayngraph','2d52200a205f77b8c4631b41e5d6f0e5','-','2017-08-05 14:36:48','Aktif','Ya','2017-08-05 14:36:48'),(45,26,'DIKKI UBER','Jl. Pasirkaliki','081 222 831 452','dikkiuber','userwayngraph','2d52200a205f77b8c4631b41e5d6f0e5','-','2017-08-05 14:36:48','Aktif','Ya','2017-08-05 14:36:48'),(46,21,'PERFORMA','Jl.Pasir Impun','081 328 781 058','performa','userwayngraph','2d52200a205f77b8c4631b41e5d6f0e5','-','2017-08-05 14:36:48','Aktif','Ya','2017-08-05 14:36:48'),(47,7,'BILL P','JL. Kopo','085 865 831 433','billp','userwayngraph','2d52200a205f77b8c4631b41e5d6f0e5','-','2017-08-05 14:36:48','Aktif','Ya','2017-08-05 14:36:48'),(48,29,'CANDRA','Jl. Cikutra 13','085 727 654 567','candra','userwayngraph','2d52200a205f77b8c4631b41e5d6f0e5','-','2017-08-05 14:36:48','Aktif','Ya','2017-08-05 14:36:48'),(49,24,'FOKUS','Jn.Veteran 71','081 575 161 042','fokus','userwayngraph','2d52200a205f77b8c4631b41e5d6f0e5','-','2017-08-05 14:36:48','Aktif','Ya','2017-08-05 14:36:48'),(50,36,'OPIK','Jl. Jati Cmh','082 133 528 509','opik','userwayngraph','2d52200a205f77b8c4631b41e5d6f0e5','-','2017-08-05 14:36:48','Aktif','Ya','2017-08-05 14:36:48'),(51,23,'NOVIA','Jl. Jakarta ','082 138 983 567','novia','userwayngraph','2d52200a205f77b8c4631b41e5d6f0e5','-','2017-08-05 14:36:48','Aktif','Ya','2017-08-05 14:36:48'),(52,42,'PAK TAUFIK','Jl. Ciburial Lmb','081 228 434 52','paktaufik','userwayngraph','2d52200a205f77b8c4631b41e5d6f0e5','-','2017-08-05 14:36:48','Aktif','Ya','2017-08-05 14:36:48'),(53,11,'DEUIS','Asrama Seskoad Blok Patimura H-13 ? Bandung','081 741 574 96','deuis','userwayngraph','2d52200a205f77b8c4631b41e5d6f0e5','-','2017-08-05 14:36:48','Aktif','Ya','2017-08-05 14:36:48'),(54,22,'NURUL','BSI','085 228 740 828','nurul','userwayngraph','2d52200a205f77b8c4631b41e5d6f0e5','-','2017-08-05 14:36:48','Aktif','Ya','2017-08-05 14:36:48'),(55,17,'VIVI','Komp Ujung Berung regency no61','085 292 919 131','vivi','userwayngraph','2d52200a205f77b8c4631b41e5d6f0e5','-','2017-08-05 14:36:48','Aktif','Ya','2017-08-05 14:36:48'),(56,24,'T76','Jl. Sumur Bandung','085 291 054 678','t76','userwayngraph','2d52200a205f77b8c4631b41e5d6f0e5','-','2017-08-05 14:36:48','Aktif','Ya','2017-08-05 14:36:48'),(57,22,'UPU','Jl. Cicaheum','081 805 845 958','upu','userwayngraph','2d52200a205f77b8c4631b41e5d6f0e5','-','2017-08-05 14:36:48','Aktif','Ya','2017-08-05 14:36:48'),(58,36,'ALFABETA','Pondok Mas Cmh','082 222 688 678','alfabeta','userwayngraph','2d52200a205f77b8c4631b41e5d6f0e5','-','2017-08-05 14:36:48','Aktif','Ya','2017-08-05 14:36:48'),(59,10,'CREATIVE','Jl. Lengkong Besar','081 278 222 678','creative','userwayngraph','2d52200a205f77b8c4631b41e5d6f0e5','-','2017-08-05 14:36:48','Aktif','Ya','2017-08-05 14:36:48'),(60,27,'CAHAYA WARNA','Jl. Sawunggaling No. 13 Bandung','081 456 667 671','cahayawarna','userwayngraph','2d52200a205f77b8c4631b41e5d6f0e5','-','2017-08-05 14:36:48','Aktif','Ya','2017-08-05 14:36:48'),(61,31,'ISTI MENARA','Jl. Setiabudhi','089 640 999 169','istimenara','userwayngraph','2d52200a205f77b8c4631b41e5d6f0e5','-','2017-08-05 14:36:48','Aktif','Ya','2017-08-05 14:36:48'),(62,9,'SMK PI','Jl. Inhoftank No.46-146, Pelindung Hewan','081 391 842 789','smkpi','userwayngraph','2d52200a205f77b8c4631b41e5d6f0e5','-','2017-08-05 14:36:48','Aktif','Ya','2017-08-05 14:36:48'),(63,36,'SPM','jl. Raya Cibabat Cmh','085 232 054 344','spm','userwayngraph','2d52200a205f77b8c4631b41e5d6f0e5','-','2017-08-05 14:36:48','Aktif','Ya','2017-08-05 14:36:48'),(64,24,'BAHAGIA','Jl.Sumur Bandung','081 805 795 562','bahagia','userwayngraph','2d52200a205f77b8c4631b41e5d6f0e5','-','2017-08-05 14:36:48','Aktif','Ya','2017-08-05 14:36:48'),(65,23,'ATO','Jln Ahmad Yani','081 289 223 678','ato','userwayngraph','2d52200a205f77b8c4631b41e5d6f0e5','-','2017-08-05 14:36:48','Aktif','Ya','2017-08-05 14:36:48'),(66,22,'UYUN','Jl. KiaraCondong no 54','081 321 551 771','uyun','userwayngraph','2d52200a205f77b8c4631b41e5d6f0e5','-','2017-08-05 14:36:48','Aktif','Ya','2017-08-05 14:36:48'),(67,30,'PAK ANTO','Jl. Sangkuriang','083 325 780 940','pakanto','userwayngraph','2d52200a205f77b8c4631b41e5d6f0e5','-','2017-08-05 14:36:48','Aktif','Ya','2017-08-05 14:36:48'),(68,30,'AGUS SETTING','Jln. titiran','085 690 718 392','agussetting','userwayngraph','2d52200a205f77b8c4631b41e5d6f0e5','-','2017-08-05 14:36:48','Aktif','Ya','2017-08-05 14:36:48'),(69,10,'MANG UPHU','Jl. Moch toha No 23','081 326 279 178','manguphu','userwayngraph','2d52200a205f77b8c4631b41e5d6f0e5','-','2017-08-05 14:36:48','Aktif','Ya','2017-08-05 14:36:48'),(70,36,'WILIAM','Komp Mutiara Cmh','085 225 789 398','wiliam','userwayngraph','2d52200a205f77b8c4631b41e5d6f0e5','-','2017-08-05 14:36:48','Aktif','Ya','2017-08-05 14:36:48'),(71,15,'PKPU','Jl.Soekarno Hatta 89','085 229 762 084','pkpu','userwayngraph','2d52200a205f77b8c4631b41e5d6f0e5','-','2017-08-05 14:36:48','Aktif','Ya','2017-08-05 14:36:48'),(72,30,'GLORIA','Jl. Haurpancur','081 326 707 819','gloria','userwayngraph','2d52200a205f77b8c4631b41e5d6f0e5','-','2017-08-05 14:36:48','Aktif','Ya','2017-08-05 14:36:48'),(73,28,'RR PRINT','Jl.Cicadas','085 640 958 788','rrprint','userwayngraph','2d52200a205f77b8c4631b41e5d6f0e5','-','2017-08-05 14:36:48','Aktif','Ya','2017-08-05 14:36:48'),(74,20,'BUNGA','Jl. Antapani no 56','081 225 342 578','bunga','userwayngraph','2d52200a205f77b8c4631b41e5d6f0e5','-','2017-08-05 14:36:48','Aktif','Ya','2017-08-05 14:36:48'),(75,35,'PAK DADAN','Cmh','081 225 743 68','pakdadan','userwayngraph','2d52200a205f77b8c4631b41e5d6f0e5','-','2017-08-05 14:36:48','Aktif','Ya','2017-08-05 14:36:48'),(76,28,'INDRA','Gg. Asep berlian','087 833 615 041','indra','userwayngraph','2d52200a205f77b8c4631b41e5d6f0e5','-','2017-08-05 14:36:48','Aktif','Ya','2017-08-05 14:36:48'),(77,25,'PAK FREDY','Jl. Kebon Jati','085322793861?','pakfredy','userwayngraph','2d52200a205f77b8c4631b41e5d6f0e5','-','2017-08-05 14:36:48','Aktif','Ya','2017-08-05 14:36:48'),(78,23,'ATTO','Jl. Jakarta no 34','085 265 789 398','atto','userwayngraph','2d52200a205f77b8c4631b41e5d6f0e5','-','2017-08-05 14:36:48','Aktif','Ya','2017-08-05 14:36:48'),(79,17,'PAK NANANG PWK','Jl. Ujung Berung ','085 229 762 084','paknanangpwk','userwayngraph','2d52200a205f77b8c4631b41e5d6f0e5','-','2017-08-05 14:36:48','Aktif','Ya','2017-08-05 14:36:48'),(80,28,'PAK HUSEN','Jl. Bekamin 50','089 626 707 389','pakhusen','userwayngraph','2d52200a205f77b8c4631b41e5d6f0e5','-','2017-08-05 14:36:48','Aktif','Ya','2017-08-05 14:36:48'),(81,28,'PAK EDI','Jl. Bekamin','082 225 342 539','pakedi','userwayngraph','2d52200a205f77b8c4631b41e5d6f0e5','-','2017-08-05 14:36:48','Aktif','Ya','2017-08-05 14:36:48'),(82,17,'PAK SUGENG','Jl.Pasir Jati','021-6798367','paksugeng','userwayngraph','2d52200a205f77b8c4631b41e5d6f0e5','-','2017-08-05 14:36:48','Aktif','Ya','2017-08-05 14:36:48'),(83,27,'GEISHA','Jl. Martadinata ','085 221 762 056','geisha','userwayngraph','2d52200a205f77b8c4631b41e5d6f0e5','-','2017-08-05 14:36:48','Aktif','Ya','2017-08-05 14:36:48'),(84,36,'AMANDA','Jl.Cibaligo Cmh','083 345 333 819','amanda','userwayngraph','2d52200a205f77b8c4631b41e5d6f0e5','-','2017-08-05 14:36:48','Aktif','Ya','2017-08-05 14:36:48'),(85,28,'GENGEN','Jl. Bekamin 50','085 640 788 788','gengen','userwayngraph','2d52200a205f77b8c4631b41e5d6f0e5','-','2017-08-05 14:36:48','Aktif','Ya','2017-08-05 14:36:48'),(86,24,'DIKI SETTING','Jl.Sumatera','081 225 342 689','dikisetting','userwayngraph','2d52200a205f77b8c4631b41e5d6f0e5','-','2017-08-05 14:36:48','Aktif','Ya','2017-08-05 14:36:48'),(87,38,'FIKRI','Jl. Ciherang','081 780 342 689','fikri','userwayngraph','2d52200a205f77b8c4631b41e5d6f0e5','-','2017-08-05 14:36:48','Aktif','Ya','2017-08-05 14:36:48'),(88,11,'CAKRAWALA','SMP 13 bandung','081 222 342 689','cakrawala','userwayngraph','2d52200a205f77b8c4631b41e5d6f0e5','-','2017-08-05 14:36:48','Aktif','Ya','2017-08-05 14:36:48'),(89,14,'HARIS WG','Jl. rancaloa','081 833 615 041','hariswg','userwayngraph','2d52200a205f77b8c4631b41e5d6f0e5','-','2017-08-05 14:36:48','Aktif','Ya','2017-08-05 14:36:48'),(90,15,'POLDA JABAR','Jl. Bhayangkara A?asrama polda jabar?blok D4 kel. Cibiru hilir?','085322222685','poldajabar','userwayngraph','2d52200a205f77b8c4631b41e5d6f0e5','-','2017-08-05 14:36:48','Aktif','Ya','2017-08-05 14:36:48'),(91,25,'PAK HERMAN BCK','Jl. Rajawali','082223720347','pakhermanbck','userwayngraph','2d52200a205f77b8c4631b41e5d6f0e5','-','2017-08-05 14:36:48','Aktif','Ya','2017-08-05 14:36:48'),(92,39,'BU HETI',' Cisasawi KBB','082113720777','buheti','userwayngraph','2d52200a205f77b8c4631b41e5d6f0e5','-','2017-08-05 14:36:48','Aktif','Ya','2017-08-05 14:36:48'),(93,20,'TOMTOM','Jl. Jakarta no 98','089 632 444 507','tomtom','userwayngraph','2d52200a205f77b8c4631b41e5d6f0e5','-','2017-08-05 14:36:48','Aktif','Ya','2017-08-05 14:36:48'),(94,21,'PAK HARIS WG','Jl. Raya Cikadut','0853-97243555','pakhariswg','userwayngraph','2d52200a205f77b8c4631b41e5d6f0e5','-','2017-08-05 14:36:48','Aktif','Ya','2017-08-05 14:36:48'),(95,11,'GRAFIMEDIA/GIMAN','Jl. Pelajar Pejuang','085 776 422 447','grafimedia/giman','userwayngraph','2d52200a205f77b8c4631b41e5d6f0e5','-','2017-08-05 14:36:48','Aktif','Ya','2017-08-05 14:36:48'),(96,11,'SIC','Jl. Burangrang','081219550857','sic','userwayngraph','2d52200a205f77b8c4631b41e5d6f0e5','-','2017-08-05 14:36:48','Aktif','Ya','2017-08-05 14:36:48'),(97,25,'DIKI','Jl. Gardujati','085 213 931 566','diki','userwayngraph','2d52200a205f77b8c4631b41e5d6f0e5','-','2017-08-05 14:36:48','Aktif','Ya','2017-08-05 14:36:48'),(98,17,'SATRIA','Jl. Ciringsing Cijambe','082190733697','satria','userwayngraph','2d52200a205f77b8c4631b41e5d6f0e5','-','2017-08-05 14:36:48','Aktif','Ya','2017-08-05 14:36:48'),(99,27,'AGUS SONO','Jl. Jeruk Cihapit','081 221 781 058','agussono','userwayngraph','2d52200a205f77b8c4631b41e5d6f0e5','-','2017-08-05 14:36:48','Aktif','Ya','2017-08-05 14:36:48'),(100,8,'BILL PROD','JL.Cibaduyut','081 222 831 452','billprod','userwayngraph','2d52200a205f77b8c4631b41e5d6f0e5','-','2017-08-05 14:36:48','Aktif','Ya','2017-08-05 14:36:48'),(101,22,'SESKOAD ZAENAL','Gg. H. Pagih 2','081 578 781 058','seskoadzaenal','userwayngraph','2d52200a205f77b8c4631b41e5d6f0e5','-','2017-08-05 14:36:48','Aktif','Ya','2017-08-05 14:36:48'),(102,39,'AAM ANGSANA','Jl.Sariwangi KBB','085 865 754 433','aamangsana','userwayngraph','2d52200a205f77b8c4631b41e5d6f0e5','-','2017-08-05 14:36:48','Aktif','Ya','2017-08-05 14:36:48'),(103,24,'ADI FIRMANSYAH','Jl. Sunda','085 727 654 567','adifirmansyah','userwayngraph','2d52200a205f77b8c4631b41e5d6f0e5','-','2017-08-05 14:36:48','Aktif','Ya','2017-08-05 14:36:48'),(104,39,'BU TITIN','Kp. Centeng KBB','081 575 161 042','butitin','userwayngraph','2d52200a205f77b8c4631b41e5d6f0e5','-','2017-08-05 14:36:48','Aktif','Ya','2017-08-05 14:36:48'),(105,14,'IFAN','Jl. Parakansaat','082 133 578 509','ifan','userwayngraph','2d52200a205f77b8c4631b41e5d6f0e5','-','2017-08-05 14:36:48','Aktif','Ya','2017-08-05 14:36:48'),(106,36,'BU NENENG','Jl.Sangkuring no 20','082 138 983 567','buneneng','userwayngraph','2d52200a205f77b8c4631b41e5d6f0e5','-','2017-08-05 14:36:48','Aktif','Ya','2017-08-05 14:36:48'),(107,11,'DARJAT','Jl.Pungkur','081 221 434 52','darjat','userwayngraph','2d52200a205f77b8c4631b41e5d6f0e5','-','2017-08-05 14:36:48','Aktif','Ya','2017-08-05 14:36:48'),(108,23,'BU WIWIN','Jl.Ahmad Yani','081 741 574 96','buwiwin','userwayngraph','2d52200a205f77b8c4631b41e5d6f0e5','-','2017-08-05 14:36:48','Aktif','Ya','2017-08-05 14:36:48'),(109,7,'RIALDI','Jl. Cangkuang Kopo','085 228 740 677','rialdi','userwayngraph','2d52200a205f77b8c4631b41e5d6f0e5','-','2017-08-05 14:36:48','Aktif','Ya','2017-08-05 14:36:48'),(110,5,'DINA','Cigondewah','085 232 919 321','dina','userwayngraph','2d52200a205f77b8c4631b41e5d6f0e5','-','2017-08-05 14:36:48','Aktif','Ya','2017-08-05 14:36:48'),(111,8,'A GUNGUN','Perum Singgasana Pradana Cibaduyut','082 222 657 678','agungun','userwayngraph','2d52200a205f77b8c4631b41e5d6f0e5','-','2017-08-05 14:36:48','Aktif','Ya','2017-08-05 14:36:48'),(112,24,'HAIDAR','Jl. Merdeka ','081 675 222 678','haidar','userwayngraph','2d52200a205f77b8c4631b41e5d6f0e5','-','2017-08-05 14:36:48','Aktif','Ya','2017-08-05 14:36:48'),(113,10,'ERWAN','Moh. Toha','081 456 777 671','erwan','userwayngraph','2d52200a205f77b8c4631b41e5d6f0e5','-','2017-08-05 14:36:48','Aktif','Ya','2017-08-05 14:36:48'),(114,35,'PAK WILIAM','Komp Pondok Hijau Cmh','089 640 999 169','pakwiliam','userwayngraph','2d52200a205f77b8c4631b41e5d6f0e5','-','2017-08-05 14:36:48','Aktif','Ya','2017-08-05 14:36:48'),(115,35,'PAK ASEP','Jl.Cidahu Cmh','081 391 842 789','pakasep','userwayngraph','2d52200a205f77b8c4631b41e5d6f0e5','-','2017-08-05 14:36:48','Aktif','Ya','2017-08-05 14:36:48'),(116,23,'BCA 23','BatuNunggal','085 232 054 344','bca23','userwayngraph','2d52200a205f77b8c4631b41e5d6f0e5','-','2017-08-05 14:36:48','Aktif','Ya','2017-08-05 14:36:48'),(117,7,'AMANG GHUROBA','Kopo','081 805 795 562','amangghuroba','userwayngraph','2d52200a205f77b8c4631b41e5d6f0e5','-','2017-08-05 14:36:48','Aktif','Ya','2017-08-05 14:36:48'),(118,27,'GESIHA','Jl. Martadinata ','081 289 223 678','gesiha','userwayngraph','2d52200a205f77b8c4631b41e5d6f0e5','-','2017-08-05 14:36:48','Aktif','Ya','2017-08-05 14:36:48'),(119,7,'K2R','Jl. Cangkuang Kopo','081 321 551 771','k2r','userwayngraph','2d52200a205f77b8c4631b41e5d6f0e5','-','2017-08-05 14:36:48','Aktif','Ya','2017-08-05 14:36:48'),(120,14,'ANDRI','JL. ARIA TIMUR 1 NO.5 ','083 325 780 940','andri','userwayngraph','2d52200a205f77b8c4631b41e5d6f0e5','-','2017-08-05 14:36:48','Aktif','Ya','2017-08-05 14:36:48'),(121,30,'PAK PRIATNA ','Jln. titiran','085 690 718 392','pakpriatna','userwayngraph','2d52200a205f77b8c4631b41e5d6f0e5','-','2017-08-05 14:36:48','Aktif','Ya','2017-08-05 14:36:48'),(122,10,'SINAR ABADI','lengkong','081 326 279 178','sinarabadi','userwayngraph','2d52200a205f77b8c4631b41e5d6f0e5','-','2017-08-05 14:36:48','Aktif','Ya','2017-08-05 14:36:48'),(123,7,'SEM WG','Jl. Pilar kencana','085 225 789 398','semwg','userwayngraph','2d52200a205f77b8c4631b41e5d6f0e5','-','2017-08-05 14:36:48','Aktif','Ya','2017-08-05 14:36:48'),(124,23,'SAHRUL','STTTekstil','085 229 762 084','sahrul','userwayngraph','2d52200a205f77b8c4631b41e5d6f0e5','-','2017-08-05 14:36:48','Aktif','Ya','2017-08-05 14:36:48'),(125,34,'LUTHFI SETIADI','Brigif Cmh','081 326 707 819','luthfisetiadi','userwayngraph','2d52200a205f77b8c4631b41e5d6f0e5','-','2017-08-05 14:36:48','Aktif','Ya','2017-08-05 14:36:48'),(126,39,'SUBUR','Jl. Karyawangi','085 640 958 788','subur','userwayngraph','2d52200a205f77b8c4631b41e5d6f0e5','-','2017-08-05 14:36:48','Aktif','Ya','2017-08-05 14:36:48'),(127,28,'PAK FREDI ','Jl. sukasenang','081 225 342 578','pakfredi','userwayngraph','2d52200a205f77b8c4631b41e5d6f0e5','-','2017-08-05 14:36:48','Aktif','Ya','2017-08-05 14:36:48'),(128,15,'BPMPD','Jl. Soekarno Hatta No. 466','081 225 743 68','bpmpd','userwayngraph','2d52200a205f77b8c4631b41e5d6f0e5','-','2017-08-05 14:36:48','Aktif','Ya','2017-08-05 14:36:48'),(129,29,'INSAN M25I','Jl. PH. H. Mustofa','087 833 615 041','insanm25i','userwayngraph','2d52200a205f77b8c4631b41e5d6f0e5','-','2017-08-05 14:36:48','Aktif','Ya','2017-08-05 14:36:48'),(130,31,'LULU','Jl. Puragabaya','085322793861?','lulu','userwayngraph','2d52200a205f77b8c4631b41e5d6f0e5','-','2017-08-05 14:36:48','Aktif','Ya','2017-08-05 14:36:48'),(131,36,'BLI PAS','Jl Pacinan Cmh','085 265 789 398','blipas','userwayngraph','2d52200a205f77b8c4631b41e5d6f0e5','-','2017-08-05 14:36:48','Aktif','Ya','2017-08-05 14:36:48'),(132,35,'PAK NYOMAN','Jl. Terusan Cmh','085 229 762 084','paknyoman','userwayngraph','2d52200a205f77b8c4631b41e5d6f0e5','-','2017-08-05 14:36:48','Aktif','Ya','2017-08-05 14:36:48'),(133,34,'TATANG','Jl. Melong Cmh','089 626 707 389','tatang','userwayngraph','2d52200a205f77b8c4631b41e5d6f0e5','-','2017-08-05 14:36:48','Aktif','Ya','2017-08-05 14:36:48'),(134,6,'ALMIRA PRINT','Jln Dian Sakti','082 225 342 539','almiraprint','userwayngraph','2d52200a205f77b8c4631b41e5d6f0e5','-','2017-08-05 14:36:48','Aktif','Ya','2017-08-05 14:36:48'),(135,22,'DARMAYUKTI','Cicaheum','021-6798367','darmayukti','userwayngraph','2d52200a205f77b8c4631b41e5d6f0e5','-','2017-08-05 14:36:48','Aktif','Ya','2017-08-05 14:36:48'),(136,35,'DESI','Depsos Cimahi','085 221 762 056','desi','userwayngraph','2d52200a205f77b8c4631b41e5d6f0e5','-','2017-08-05 14:36:48','Aktif','Ya','2017-08-05 14:36:48'),(137,30,'PAK GOZALI','Jln Bangbayang','083 345 333 819','pakgozali','userwayngraph','2d52200a205f77b8c4631b41e5d6f0e5','-','2017-08-05 14:36:48','Aktif','Ya','2017-08-05 14:36:48'),(138,29,'PAK TEJA','Jl. Cikutra No 10','085 640 788 788','pakteja','userwayngraph','2d52200a205f77b8c4631b41e5d6f0e5','-','2017-08-05 14:36:48','Aktif','Ya','2017-08-05 14:36:48'),(139,28,'REZITA','Jl. Sukarajin 2','081 225 342 689','rezita','userwayngraph','2d52200a205f77b8c4631b41e5d6f0e5','-','2017-08-05 14:36:48','Aktif','Ya','2017-08-05 14:36:48'),(140,28,'ADE','Cikutra Bandung','081 780 342 689','ade','userwayngraph','2d52200a205f77b8c4631b41e5d6f0e5','-','2017-08-05 14:36:48','Aktif','Ya','2017-08-05 14:36:48'),(141,27,'RUSLI','Jl. Martadinata ','081 222 342 689','rusli','userwayngraph','2d52200a205f77b8c4631b41e5d6f0e5','-','2017-08-05 14:36:48','Aktif','Ya','2017-08-05 14:36:48'),(142,35,'PAK MAHMUD COLENAK','Jl. Siliwangi Cmh','085 291 054 444','pakmahmudcolenak','userwayngraph','2d52200a205f77b8c4631b41e5d6f0e5','-','2017-08-05 14:36:48','Aktif','Ya','2017-08-05 14:36:48'),(143,42,'ANISCO','Cikole Lembang','081 805 845 958','anisco','userwayngraph','2d52200a205f77b8c4631b41e5d6f0e5','-','2017-08-05 14:36:48','Aktif','Ya','2017-08-05 14:36:48'),(144,35,'YANES','jl. Raya Cibabat Cmh','081 345 688 678','yanes','userwayngraph','2d52200a205f77b8c4631b41e5d6f0e5','-','2017-08-05 14:36:48','Aktif','Ya','2017-08-05 14:36:48'),(145,25,'PAK BANDI','Jl. Kebon Jati','081 245 688 678','pakbandi','userwayngraph','2d52200a205f77b8c4631b41e5d6f0e5','-','2017-08-05 14:36:48','Aktif','Ya','2017-08-05 14:36:48'),(146,22,'PAK UYO','Cicaheum','081 326 666 671','pakuyo','userwayngraph','2d52200a205f77b8c4631b41e5d6f0e5','-','2017-08-05 14:36:48','Aktif','Ya','2017-08-05 14:36:48'),(147,28,'FIRMAN','Jl. Sukasenang','085 640 076 169','firman','userwayngraph','2d52200a205f77b8c4631b41e5d6f0e5','-','2017-08-05 14:36:48','Aktif','Ya','2017-08-05 14:36:48'),(148,35,'TEGUH','Jl.Amir Mahmud Cmh','081 391 842 844','teguh','userwayngraph','2d52200a205f77b8c4631b41e5d6f0e5','-','2017-08-05 14:36:48','Aktif','Ya','2017-08-05 14:36:48'),(149,23,'SALAM','STTTekstil','085 291 054 444','salam','userwayngraph','2d52200a205f77b8c4631b41e5d6f0e5','-','2017-08-05 14:36:48','Aktif','Ya','2017-08-05 14:36:48'),(150,9,'PAK ENDANG','Jl. Astana Anyar','081 805 845 958','pakendang','userwayngraph','2d52200a205f77b8c4631b41e5d6f0e5','-','2017-08-05 14:36:48','Aktif','Ya','2017-08-05 14:36:48'),(151,24,'BU ATIKAH ','Jl.Sunda ','081 325 628 678','buatikah','userwayngraph','2d52200a205f77b8c4631b41e5d6f0e5','-','2017-08-05 14:36:48','Aktif','Ya','2017-08-05 14:36:48'),(152,36,'PAK HARSONO','Jl. Citeureup Cmh','081 325 551 775','pakharsono','userwayngraph','2d52200a205f77b8c4631b41e5d6f0e5','-','2017-08-05 14:36:48','Aktif','Ya','2017-08-05 14:36:48'),(153,36,'YANTI','Jl. Citeureup Cmh','081 325 330 940','yanti','userwayngraph','2d52200a205f77b8c4631b41e5d6f0e5','-','2017-08-05 14:36:48','Aktif','Ya','2017-08-05 14:36:48'),(154,40,'PAK SULE','Jatinangor','081 390 718 392','paksule','userwayngraph','2d52200a205f77b8c4631b41e5d6f0e5','-','2017-08-05 14:36:48','Aktif','Ya','2017-08-05 14:36:48'),(155,22,'BENPUSHUB','Jl.Psm 50 KiaraCondong','081 326 279 171','benpushub','userwayngraph','2d52200a205f77b8c4631b41e5d6f0e5','-','2017-08-05 14:36:48','Aktif','Ya','2017-08-05 14:36:48'),(156,22,'AGUS','Jl. Antapani ','085 225 789 398','agus','userwayngraph','2d52200a205f77b8c4631b41e5d6f0e5','-','2017-08-05 14:36:48','Aktif','Ya','2017-08-05 14:36:48'),(157,28,'HENDRIK','Jl. Sukarajin 1','085 229 762 084','hendrik','userwayngraph','2d52200a205f77b8c4631b41e5d6f0e5','-','2017-08-05 14:36:48','Aktif','Ya','2017-08-05 14:36:48'),(158,15,'RADI','Jl. Bhayangkara A?asrama polda jabar?blok D4 kel. Cibiru hilir?','081 326 707 819','radi','userwayngraph','2d52200a205f77b8c4631b41e5d6f0e5','-','2017-08-05 14:36:48','Aktif','Ya','2017-08-05 14:36:48'),(159,24,'DEREK','Jl. Banda ','085 640 958 788','derek','userwayngraph','2d52200a205f77b8c4631b41e5d6f0e5','-','2017-08-05 14:36:48','Aktif','Ya','2017-08-05 14:36:48'),(160,13,'FAUZI','Jl. Marga Asri Ciwastra','081 225 342 539','fauzi','userwayngraph','2d52200a205f77b8c4631b41e5d6f0e5','-','2017-08-05 14:36:48','Aktif','Ya','2017-08-05 14:36:48'),(161,30,'DUNIA SOUVENIR','Jalan Badak Singa No 10','081 225 743 68','duniasouvenir','userwayngraph','2d52200a205f77b8c4631b41e5d6f0e5','-','2017-08-05 14:36:48','Aktif','Ya','2017-08-05 14:36:48'),(162,6,'SANDY','Jl. Rofina','087 833 615 041','sandy','userwayngraph','2d52200a205f77b8c4631b41e5d6f0e5','-','2017-08-05 14:36:48','Aktif','Ya','2017-08-05 14:36:48'),(163,22,'DERRI OFFSET','Jalan Antapani','085327333861?','derrioffset','userwayngraph','2d52200a205f77b8c4631b41e5d6f0e5','-','2017-08-05 14:36:48','Aktif','Ya','2017-08-05 14:36:48'),(164,7,'PAK JUJUN','Jl. Kopo 72','085 265 789 398','pakjujun','userwayngraph','2d52200a205f77b8c4631b41e5d6f0e5','-','2017-08-05 14:36:48','Aktif','Ya','2017-08-05 14:36:48'),(165,22,'DE FASTER','Jl. Padasuka','085 229 762 084','defaster','userwayngraph','2d52200a205f77b8c4631b41e5d6f0e5','-','2017-08-05 14:36:48','Aktif','Ya','2017-08-05 14:36:48'),(166,24,'APEH','Jln.Pajajaran','089 626 707 819','apeh','userwayngraph','2d52200a205f77b8c4631b41e5d6f0e5','-','2017-08-05 14:36:48','Aktif','Ya','2017-08-05 14:36:48'),(167,7,'GESHA','Jl. Cangkuang Kopo','082 225 342 539','gesha','userwayngraph','2d52200a205f77b8c4631b41e5d6f0e5','-','2017-08-05 14:36:48','Aktif','Ya','2017-08-05 14:36:48'),(168,7,'HUSNI','Jl. Kopo sayati 43','021-6888367','husni','userwayngraph','2d52200a205f77b8c4631b41e5d6f0e5','-','2017-08-05 14:36:48','Aktif','Ya','2017-08-05 14:36:48'),(169,22,'ROZI','BSI','085 229 762 056','rozi','userwayngraph','2d52200a205f77b8c4631b41e5d6f0e5','-','2017-08-05 14:36:48','Aktif','Ya','2017-08-05 14:36:48'),(170,27,'BARAYA','Jl.Supratman','083 345 787 819','baraya','userwayngraph','2d52200a205f77b8c4631b41e5d6f0e5','-','2017-08-05 14:36:48','Aktif','Ya','2017-08-05 14:36:48'),(171,29,'HAMPURA','Jl. Cikutra barat','085 640 788 788','hampura','userwayngraph','2d52200a205f77b8c4631b41e5d6f0e5','-','2017-08-05 14:36:48','Aktif','Ya','2017-08-05 14:36:48'),(172,35,'AGUN','Leuwigoong Smp 6 Cmh','081 225 342 689','agun','userwayngraph','2d52200a205f77b8c4631b41e5d6f0e5','-','2017-08-05 14:36:48','Aktif','Ya','2017-08-05 14:36:48'),(173,39,'BOSENG','Jl.Karyawangi KBB','089 640 999 169','boseng','userwayngraph','2d52200a205f77b8c4631b41e5d6f0e5','-','2017-08-05 14:36:48','Aktif','Ya','2017-08-05 14:36:48'),(174,39,'AMIN CIC','CIC cmh','081 391 842 789','amincic','userwayngraph','2d52200a205f77b8c4631b41e5d6f0e5','-','2017-08-05 14:36:48','Aktif','Ya','2017-08-05 14:36:48'),(175,36,'PAK KETUT','Jl. Pacinan Cmh','085 232 054 344','pakketut','userwayngraph','2d52200a205f77b8c4631b41e5d6f0e5','-','2017-08-05 14:36:48','Aktif','Ya','2017-08-05 14:36:48'),(176,27,'MARTA','Jl Ahmad Yani 34','081 805 795 562','marta','userwayngraph','2d52200a205f77b8c4631b41e5d6f0e5','-','2017-08-05 14:36:48','Aktif','Ya','2017-08-05 14:36:48'),(177,36,'RIAN','Jl Cibabat Cmh','081 289 223 678','rian','userwayngraph','2d52200a205f77b8c4631b41e5d6f0e5','-','2017-08-05 14:36:48','Aktif','Ya','2017-08-05 14:36:48'),(178,17,'DEDI','Ujung Berung','081 321 551 771','dedi','userwayngraph','2d52200a205f77b8c4631b41e5d6f0e5','-','2017-08-05 14:36:48','Aktif','Ya','2017-08-05 14:36:48'),(179,9,'PAK DIKI','Jl. Astana Anyar','083 325 780 940','pakdiki','userwayngraph','2d52200a205f77b8c4631b41e5d6f0e5','-','2017-08-05 14:36:48','Aktif','Ya','2017-08-05 14:36:48'),(180,23,'SAIFUL','STTTekstil','085 690 718 392','saiful','userwayngraph','2d52200a205f77b8c4631b41e5d6f0e5','-','2017-08-05 14:36:48','Aktif','Ya','2017-08-05 14:36:48'),(181,28,'JACKY','Gg. Sukabersih ','081 326 279 178','jacky','userwayngraph','2d52200a205f77b8c4631b41e5d6f0e5','-','2017-08-05 14:36:48','Aktif','Ya','2017-08-05 14:36:48'),(182,35,'OYIB','Cmh','085 225 789 398','oyib','userwayngraph','2d52200a205f77b8c4631b41e5d6f0e5','-','2017-08-05 14:36:48','Aktif','Ya','2017-08-05 14:36:48'),(183,22,'PAK EMAN','Gg. H. Pagih 2','085 229 762 084','pakeman','userwayngraph','2d52200a205f77b8c4631b41e5d6f0e5','-','2017-08-05 14:36:48','Aktif','Ya','2017-08-05 14:36:48'),(184,28,'NAUFAL','Jl. Cikutra ','081 326 707 819','naufal','userwayngraph','2d52200a205f77b8c4631b41e5d6f0e5','-','2017-08-05 14:36:48','Aktif','Ya','2017-08-05 14:36:48'),(185,23,'KOTEX','Jl. Ahmad Yani 289','085 640 958 788','kotex','userwayngraph','2d52200a205f77b8c4631b41e5d6f0e5','-','2017-08-05 14:36:48','Aktif','Ya','2017-08-05 14:36:48'),(186,23,'PAK HASAN UBER','Jl. Jakarta 65','081 225 342 578','pakhasanuber','userwayngraph','2d52200a205f77b8c4631b41e5d6f0e5','-','2017-08-05 14:36:48','Aktif','Ya','2017-08-05 14:36:48'),(187,36,'A AEROVN','Jl. Cihanjuang 204','081 225 743 68','aaerovn','userwayngraph','2d52200a205f77b8c4631b41e5d6f0e5','-','2017-08-05 14:36:48','Aktif','Ya','2017-08-05 14:36:48'),(188,28,'PAK UUS ','Cicadas','087 833 615 041','pakuus','userwayngraph','2d52200a205f77b8c4631b41e5d6f0e5','-','2017-08-05 14:36:48','Aktif','Ya','2017-08-05 14:36:48'),(189,13,'LEE PKPU','Telkom','085322793861','leepkpu','userwayngraph','2d52200a205f77b8c4631b41e5d6f0e5','-','2017-08-05 14:36:48','Aktif','Ya','2017-08-05 14:36:48'),(190,35,'PAS','Cimahi','085 265 789 398','pas','userwayngraph','2d52200a205f77b8c4631b41e5d6f0e5','-','2017-08-05 14:36:48','Aktif','Ya','2017-08-05 14:36:48'),(191,24,'RW','Jl. sunda','085 229 762 084','rw','userwayngraph','2d52200a205f77b8c4631b41e5d6f0e5','-','2017-08-05 14:36:48','Aktif','Ya','2017-08-05 14:36:48'),(192,22,'KEN','Gg. H. Pagih ','089 626 707 389','ken','userwayngraph','2d52200a205f77b8c4631b41e5d6f0e5','-','2017-08-05 14:36:48','Aktif','Ya','2017-08-05 14:36:48'),(193,39,'REINNISA MELATI','Jl. Cisasawi Kbb','082 225 342 539','reinnisamelati','userwayngraph','2d52200a205f77b8c4631b41e5d6f0e5','-','2017-08-05 14:36:48','Aktif','Ya','2017-08-05 14:36:48'),(194,34,'AGUS ASBER','Pojok Cmh','021-6798367','agusasber','userwayngraph','2d52200a205f77b8c4631b41e5d6f0e5','-','2017-08-05 14:36:48','Aktif','Ya','2017-08-05 14:36:48'),(195,30,'PAK BAMBANG','Jl. Bangbayang ','085 221 762 056','pakbambang','userwayngraph','2d52200a205f77b8c4631b41e5d6f0e5','-','2017-08-05 14:36:48','Aktif','Ya','2017-08-05 14:36:48'),(196,39,'RENDI','Jl. Cisarua','083 345 333 819','rendi','userwayngraph','2d52200a205f77b8c4631b41e5d6f0e5','-','2017-08-05 14:36:48','Aktif','Ya','2017-08-05 14:36:48'),(197,35,'DIRO','Jln Cimindi','085 640 788 788','diro','userwayngraph','2d52200a205f77b8c4631b41e5d6f0e5','-','2017-08-05 14:36:48','Aktif','Ya','2017-08-05 14:36:48'),(198,24,'Pak Imam','Veteran no 41','081 225 342 689','pakimam','userwayngraph','2d52200a205f77b8c4631b41e5d6f0e5','-','2017-08-05 14:36:48','Aktif','Ya','2017-08-05 14:36:48');

/*Table structure for table `pemberitahuan` */

DROP TABLE IF EXISTS `pemberitahuan`;

CREATE TABLE `pemberitahuan` (
  `kode_pemberitahuan` int(11) NOT NULL AUTO_INCREMENT,
  `id_pengguna` int(11) DEFAULT NULL,
  `kode_transaksi_pemesanan` varchar(16) DEFAULT NULL,
  `pemberitahuan` text NOT NULL,
  `terbaca` enum('Sudah','Belum') NOT NULL,
  `validator_pelanggan` float DEFAULT NULL,
  `validator_tahunan` date DEFAULT NULL,
  `waktu_update` datetime NOT NULL,
  PRIMARY KEY (`kode_pemberitahuan`),
  KEY `id_pengguna` (`id_pengguna`),
  KEY `kode_transaksi_pemesanan` (`kode_transaksi_pemesanan`),
  CONSTRAINT `pemberitahuan_ibfk_1` FOREIGN KEY (`id_pengguna`) REFERENCES `pengguna` (`id_pengguna`) ON DELETE CASCADE ON UPDATE CASCADE,
  CONSTRAINT `pemberitahuan_ibfk_2` FOREIGN KEY (`kode_transaksi_pemesanan`) REFERENCES `transaksi_pemesanan` (`kode_transaksi_pemesanan`) ON DELETE CASCADE ON UPDATE CASCADE
) ENGINE=InnoDB AUTO_INCREMENT=12 DEFAULT CHARSET=latin1;

/*Data for the table `pemberitahuan` */

insert  into `pemberitahuan`(`kode_pemberitahuan`,`id_pengguna`,`kode_transaksi_pemesanan`,`pemberitahuan`,`terbaca`,`validator_pelanggan`,`validator_tahunan`,`waktu_update`) values (2,4,NULL,'CV Way`n Graph sudah memiliki 100 pelanggan baru, untuk selanjutnya direkomendasikan untuk melakukan pembukaan lokasi cabang baru','Belum',100,'2016-08-16','2017-07-21 07:29:48'),(3,5,NULL,'CV Way`n Graph sudah memiliki 100 pelanggan baru, untuk selanjutnya direkomendasikan untuk melakukan pembukaan lokasi cabang baru','Belum',100,'2016-08-16','2017-07-21 07:29:48'),(4,NULL,'26092016-001','Status pembayaran untuk kode pemesanan: 26092016-001 telah berhasil diperbaharui','Belum',100,'2016-08-16','2017-08-15 05:40:31'),(5,NULL,'26092016-001','Status pembayaran untuk kode pemesanan: 26092016-001 telah berhasil diperbaharui','Belum',100,'2016-08-16','2017-08-15 05:42:23'),(6,NULL,'26092016-001','Status pengerjaan untuk kode pemesanan: 26092016-001 telah berhasil diperbaharui','Belum',100,'2016-08-16','2017-08-15 05:42:28'),(7,NULL,'26092016-001','Status pemesanan untuk kode pemesanan: 26092016-001 telah berhasil diperbaharui','Belum',100,'2016-08-16','2017-08-15 05:42:32'),(8,4,NULL,'CV Way`n Graph hari ini telah memasuki kurun waktu 1 tahun setelah pemberitahuan terakhir pembukaan cabang baru, untuk selanjutnya direkomendasikan untuk melakukan pembukaan lokasi cabang baru','Belum',100,'2017-08-16','2017-08-17 16:53:24'),(9,5,NULL,'CV Way`n Graph hari ini telah memasuki kurun waktu 1 tahun setelah pemberitahuan terakhir pembukaan cabang baru, untuk selanjutnya direkomendasikan untuk melakukan pembukaan lokasi cabang baru','Belum',100,'2017-08-16','2017-08-17 16:53:25'),(10,NULL,'07042017-004','Status pengerjaan untuk kode pemesanan: 07042017-004 telah berhasil diperbaharui','Belum',100,'2017-08-16','2017-12-26 19:44:17'),(11,NULL,'07042017-004','Status pengerjaan untuk kode pemesanan: 07042017-004 telah berhasil diperbaharui','Belum',100,'2017-08-16','2017-12-26 19:44:19');

/*Table structure for table `penentuan_segmentasi` */

DROP TABLE IF EXISTS `penentuan_segmentasi`;

CREATE TABLE `penentuan_segmentasi` (
  `kode_penentuan_segmentasi` int(11) NOT NULL AUTO_INCREMENT,
  `kode_kandidat_wilayah_pasar` int(11) NOT NULL,
  `kode_kriteria_penilaian_segmentasi` int(11) NOT NULL,
  `nilai_segmentasi` float NOT NULL,
  PRIMARY KEY (`kode_penentuan_segmentasi`),
  KEY `kode_kategori_segmentasi` (`kode_kriteria_penilaian_segmentasi`),
  KEY `kode_wilayah_pasar` (`kode_kandidat_wilayah_pasar`),
  CONSTRAINT `penentuan_segmentasi_ibfk_2` FOREIGN KEY (`kode_kriteria_penilaian_segmentasi`) REFERENCES `kriteria_penilaian_segmentasi` (`kode_kriteria_penilaian_segmentasi`) ON DELETE CASCADE ON UPDATE CASCADE,
  CONSTRAINT `penentuan_segmentasi_ibfk_4` FOREIGN KEY (`kode_kandidat_wilayah_pasar`) REFERENCES `kandidat_wilayah_pasar` (`kode_kandidat_wilayah_pasar`) ON DELETE CASCADE ON UPDATE CASCADE
) ENGINE=InnoDB DEFAULT CHARSET=latin1;

/*Data for the table `penentuan_segmentasi` */

/*Table structure for table `pengguna` */

DROP TABLE IF EXISTS `pengguna`;

CREATE TABLE `pengguna` (
  `id_pengguna` int(11) NOT NULL AUTO_INCREMENT,
  `nik` varchar(16) DEFAULT NULL,
  `username` varchar(128) NOT NULL,
  `email` varchar(128) NOT NULL,
  `photo` varchar(255) NOT NULL,
  `tanggal_update` datetime NOT NULL,
  `status` enum('Aktif','Tidak Aktif') NOT NULL,
  `password` varchar(255) NOT NULL,
  `level` enum('Direktur Utama','Manager','Marketing','Staff Administrasi') NOT NULL,
  PRIMARY KEY (`id_pengguna`),
  KEY `nik` (`nik`),
  CONSTRAINT `pengguna_ibfk_1` FOREIGN KEY (`nik`) REFERENCES `pegawai` (`nik`) ON DELETE CASCADE ON UPDATE CASCADE
) ENGINE=InnoDB AUTO_INCREMENT=7 DEFAULT CHARSET=latin1;

/*Data for the table `pengguna` */

insert  into `pengguna`(`id_pengguna`,`nik`,`username`,`email`,`photo`,`tanggal_update`,`status`,`password`,`level`) values (1,'003121202','admin','administration@wayngraph.web.id','','2017-05-17 17:23:13','Aktif','21232f297a57a5a743894a0e4a801fc3','Staff Administrasi'),(4,'002020299','manager','manager@wayngraph.web.id','','2017-05-17 20:51:23','Aktif','1d0258c2440a8d19e716292b231e3190','Manager'),(5,'001100298','direktur','chief@wayngraph.web.id','','2017-05-17 20:51:52','Aktif','4fbfd324f5ffcdff5dbf6f019b02eca8','Direktur Utama'),(6,'004090989','marketing','sales@wayngraph.web.id','','2017-05-17 20:52:21','Aktif','c769c2bd15500dd906102d9be97fdceb','Marketing');

/*Table structure for table `periode_penilaian` */

DROP TABLE IF EXISTS `periode_penilaian`;

CREATE TABLE `periode_penilaian` (
  `kode_periode_penilaian` int(11) NOT NULL AUTO_INCREMENT,
  `nama_periode_penilaian` varchar(128) NOT NULL,
  `status_periode` enum('Sudah','Belum','Dalam Proses') NOT NULL,
  `status_keaktifan` enum('Aktif','Tidak Aktif') NOT NULL,
  PRIMARY KEY (`kode_periode_penilaian`)
) ENGINE=InnoDB DEFAULT CHARSET=latin1;

/*Data for the table `periode_penilaian` */

/*Table structure for table `promosi` */

DROP TABLE IF EXISTS `promosi`;

CREATE TABLE `promosi` (
  `kode_promosi` int(11) NOT NULL AUTO_INCREMENT,
  `id_pengguna` int(11) NOT NULL,
  `nama_promosi` varchar(128) NOT NULL,
  `isi_promosi` text NOT NULL,
  `gambar` varchar(255) NOT NULL,
  `tanggal_mulai` date NOT NULL,
  `tanggal_selesai` date NOT NULL,
  `status` enum('Aktif','Tidak Aktif') NOT NULL,
  PRIMARY KEY (`kode_promosi`),
  KEY `id_pengguna` (`id_pengguna`),
  CONSTRAINT `promosi_ibfk_1` FOREIGN KEY (`id_pengguna`) REFERENCES `pengguna` (`id_pengguna`) ON DELETE CASCADE ON UPDATE CASCADE
) ENGINE=InnoDB DEFAULT CHARSET=latin1;

/*Data for the table `promosi` */

/*Table structure for table `transaksi_pemesanan` */

DROP TABLE IF EXISTS `transaksi_pemesanan`;

CREATE TABLE `transaksi_pemesanan` (
  `kode_transaksi_pemesanan` varchar(16) NOT NULL,
  `kode_pelanggan` int(11) DEFAULT NULL,
  `tanggal` date NOT NULL,
  `status_pengerjaan` enum('Dalam Proses','Selesai','Dibatalkan') NOT NULL,
  `status_pembayaran` enum('Lunas','Belum Lunas') NOT NULL,
  `status_transaksi_pemesanan` enum('Diterima','Dalam Proses','Dibatalkan','Keranjang') NOT NULL,
  `start_order` date NOT NULL,
  `end_order` date NOT NULL,
  PRIMARY KEY (`kode_transaksi_pemesanan`),
  KEY `kode_pelanggan` (`kode_pelanggan`),
  CONSTRAINT `transaksi_pemesanan_ibfk_1` FOREIGN KEY (`kode_pelanggan`) REFERENCES `pelanggan` (`kode_pelanggan`) ON DELETE CASCADE ON UPDATE CASCADE
) ENGINE=InnoDB DEFAULT CHARSET=latin1;

/*Data for the table `transaksi_pemesanan` */

insert  into `transaksi_pemesanan`(`kode_transaksi_pemesanan`,`kode_pelanggan`,`tanggal`,`status_pengerjaan`,`status_pembayaran`,`status_transaksi_pemesanan`,`start_order`,`end_order`) values ('01062016-001',1,'2016-06-01','Selesai','Lunas','Diterima','2016-06-01','2016-06-01'),('01072016-001',11,'2016-07-01','Selesai','Lunas','Diterima','2016-07-01','2016-07-01'),('01072016-002',102,'2016-07-01','Selesai','Lunas','Diterima','2016-07-01','2016-07-01'),('01092016-001',3,'2016-09-01','Selesai','Lunas','Diterima','2016-09-01','2016-09-01'),('01092016-002',3,'2016-09-01','Selesai','Lunas','Diterima','2016-09-01','2016-09-01'),('01092016-003',12,'2016-09-01','Selesai','Lunas','Diterima','2016-09-01','2016-09-01'),('01092016-004',12,'2016-09-01','Selesai','Lunas','Diterima','2016-09-01','2016-09-01'),('01092016-005',21,'2016-09-01','Selesai','Lunas','Diterima','2016-09-01','2016-09-01'),('01092016-006',79,'2016-09-01','Selesai','Lunas','Diterima','2016-09-01','2016-09-01'),('01092016-007',88,'2016-09-01','Selesai','Lunas','Diterima','2016-09-01','2016-09-01'),('01092016-008',59,'2016-09-01','Selesai','Lunas','Diterima','2016-09-01','2016-09-01'),('01092016-009',100,'2016-09-01','Selesai','Lunas','Diterima','2016-09-01','2016-09-01'),('0110-001',138,'0000-00-00','Selesai','Lunas','Diterima','0000-00-00','0000-00-00'),('01102016-001',27,'2016-10-01','Selesai','Lunas','Diterima','2016-10-01','2016-10-01'),('01102016-002',99,'2016-10-01','Selesai','Lunas','Diterima','2016-10-01','2016-10-01'),('01102016-003',138,'2016-10-01','Selesai','Lunas','Diterima','2016-10-01','2016-10-01'),('01102016-004',138,'2016-10-01','Selesai','Lunas','Diterima','2016-10-01','2016-10-01'),('01112016-001',4,'2016-11-01','Selesai','Lunas','Diterima','2016-11-01','2016-11-01'),('01112016-002',7,'2016-11-01','Selesai','Lunas','Diterima','2016-11-01','2016-11-01'),('01112016-003',8,'2016-11-01','Selesai','Lunas','Diterima','2016-11-01','2016-11-01'),('01112016-004',16,'2016-11-01','Selesai','Lunas','Diterima','2016-11-01','2016-11-01'),('01112016-005',42,'2016-11-01','Selesai','Lunas','Diterima','2016-11-01','2016-11-01'),('01112016-006',84,'2016-11-01','Selesai','Lunas','Diterima','2016-11-01','2016-11-01'),('01112016-007',59,'2016-11-01','Selesai','Lunas','Diterima','2016-11-01','2016-11-01'),('01122016-001',7,'2016-12-01','Selesai','Lunas','Diterima','2016-12-01','2016-12-01'),('01122016-002',181,'2016-12-01','Selesai','Lunas','Diterima','2016-12-01','2016-12-01'),('01122016-003',169,'2016-12-01','Selesai','Lunas','Diterima','2016-12-01','2016-12-01'),('01122016-004',153,'2016-12-01','Selesai','Lunas','Diterima','2016-12-01','2016-12-01'),('01122016-005',125,'2016-12-01','Selesai','Lunas','Diterima','2016-12-01','2016-12-01'),('01122016-006',111,'2016-12-01','Selesai','Lunas','Diterima','2016-12-01','2016-12-01'),('02062016-001',5,'2016-06-02','Selesai','Lunas','Diterima','2016-06-02','2016-06-02'),('02062016-002',16,'2016-06-02','Selesai','Lunas','Diterima','2016-06-02','2016-06-02'),('02062016-003',43,'2016-06-02','Selesai','Lunas','Diterima','2016-06-02','2016-06-02'),('02062016-004',79,'2016-06-02','Selesai','Lunas','Diterima','2016-06-02','2016-06-02'),('02082016-001',2,'2016-08-02','Selesai','Lunas','Diterima','2016-08-02','2016-08-02'),('02082016-002',3,'2016-08-02','Selesai','Lunas','Diterima','2016-08-02','2016-08-02'),('02082016-003',114,'2016-08-02','Selesai','Lunas','Diterima','2016-08-02','2016-08-02'),('02082016-004',135,'2016-08-02','Selesai','Lunas','Diterima','2016-08-02','2016-08-02'),('02092016-001',16,'2016-09-02','Selesai','Lunas','Diterima','2016-09-02','2016-09-02'),('02092016-002',68,'2016-09-02','Selesai','Lunas','Diterima','2016-09-02','2016-09-02'),('02092016-003',119,'2016-09-02','Selesai','Lunas','Diterima','2016-09-02','2016-09-02'),('02112016-001',9,'2016-11-02','Selesai','Lunas','Diterima','2016-11-02','2016-11-02'),('02112016-002',10,'2016-11-02','Selesai','Lunas','Diterima','2016-11-02','2016-11-02'),('02112016-003',14,'2016-11-02','Selesai','Lunas','Diterima','2016-11-02','2016-11-02'),('02112016-004',15,'2016-11-02','Selesai','Lunas','Diterima','2016-11-02','2016-11-02'),('02112016-005',41,'2016-11-02','Selesai','Lunas','Diterima','2016-11-02','2016-11-02'),('02112016-006',42,'2016-11-02','Selesai','Lunas','Diterima','2016-11-02','2016-11-02'),('02112016-007',50,'2016-11-02','Selesai','Lunas','Diterima','2016-11-02','2016-11-02'),('02112016-008',62,'2016-11-02','Selesai','Lunas','Diterima','2016-11-02','2016-11-02'),('02112016-009',90,'2016-11-02','Selesai','Lunas','Diterima','2016-11-02','2016-11-02'),('02112016-010',56,'2016-11-02','Selesai','Lunas','Diterima','2016-11-02','2016-11-02'),('02112016-011',56,'2016-11-02','Selesai','Lunas','Diterima','2016-11-02','2016-11-02'),('02112016-012',59,'2016-11-02','Selesai','Lunas','Diterima','2016-11-02','2016-11-02'),('02112016-013',63,'2016-11-02','Selesai','Lunas','Diterima','2016-11-02','2016-11-02'),('02112016-014',63,'2016-11-02','Selesai','Lunas','Diterima','2016-11-02','2016-11-02'),('02112016-015',63,'2016-11-02','Selesai','Lunas','Diterima','2016-11-02','2016-11-02'),('02112016-016',125,'2016-11-02','Selesai','Lunas','Diterima','2016-11-02','2016-11-02'),('02122016-001',7,'2016-12-02','Selesai','Lunas','Diterima','2016-12-02','2016-12-02'),('02122016-002',7,'2016-12-02','Selesai','Lunas','Diterima','2016-12-02','2016-12-02'),('02122016-003',9,'2016-12-02','Selesai','Lunas','Diterima','2016-12-02','2016-12-02'),('02122016-004',33,'2016-12-02','Selesai','Lunas','Diterima','2016-12-02','2016-12-02'),('02122016-005',56,'2016-12-02','Selesai','Lunas','Diterima','2016-12-02','2016-12-02'),('02122016-006',22,'2016-12-02','Selesai','Lunas','Diterima','2016-12-02','2016-12-02'),('02122016-007',143,'2016-12-02','Selesai','Lunas','Diterima','2016-12-02','2016-12-02'),('02122016-008',125,'2016-12-02','Selesai','Lunas','Diterima','2016-12-02','2016-12-02'),('02122016-009',111,'2016-12-02','Selesai','Lunas','Diterima','2016-12-02','2016-12-02'),('03062016-001',11,'2016-06-03','Selesai','Lunas','Diterima','2016-06-03','2016-06-03'),('03062016-002',15,'2016-06-03','Selesai','Lunas','Diterima','2016-06-03','2016-06-03'),('03062016-003',59,'2016-06-03','Selesai','Lunas','Diterima','2016-06-03','2016-06-03'),('03082016-001',42,'2016-08-03','Selesai','Lunas','Diterima','2016-08-03','2016-08-03'),('03082016-002',43,'2016-08-03','Selesai','Lunas','Diterima','2016-08-03','2016-08-03'),('03082016-003',47,'2016-08-03','Selesai','Lunas','Diterima','2016-08-03','2016-08-03'),('03082016-004',47,'2016-08-03','Selesai','Lunas','Diterima','2016-08-03','2016-08-03'),('03082016-005',89,'2016-08-03','Selesai','Lunas','Diterima','2016-08-03','2016-08-03'),('03082016-006',56,'2016-08-03','Selesai','Lunas','Diterima','2016-08-03','2016-08-03'),('03092016-001',3,'2016-09-03','Selesai','Lunas','Diterima','2016-09-03','2016-09-03'),('03092016-002',21,'2016-09-03','Selesai','Lunas','Diterima','2016-09-03','2016-09-03'),('03092016-003',16,'2016-09-03','Selesai','Lunas','Diterima','2016-09-03','2016-09-03'),('03092016-004',56,'2016-09-03','Selesai','Lunas','Diterima','2016-09-03','2016-09-03'),('03092016-005',59,'2016-09-03','Selesai','Lunas','Diterima','2016-09-03','2016-09-03'),('03102016-001',4,'2016-10-03','Selesai','Lunas','Diterima','2016-10-03','2016-10-03'),('03102016-002',4,'2016-10-03','Selesai','Lunas','Diterima','2016-10-03','2016-10-03'),('03102016-003',28,'2016-10-03','Selesai','Lunas','Diterima','2016-10-03','2016-10-03'),('03102016-004',16,'2016-10-03','Selesai','Lunas','Diterima','2016-10-03','2016-10-03'),('03102016-005',16,'2016-10-03','Selesai','Lunas','Diterima','2016-10-03','2016-10-03'),('03102016-006',16,'2016-10-03','Selesai','Lunas','Diterima','2016-10-03','2016-10-03'),('03102016-007',47,'2016-10-03','Selesai','Lunas','Diterima','2016-10-03','2016-10-03'),('03102016-008',52,'2016-10-03','Selesai','Lunas','Diterima','2016-10-03','2016-10-03'),('03102016-009',135,'2016-10-03','Selesai','Lunas','Diterima','2016-10-03','2016-10-03'),('03102016-010',82,'2016-10-03','Selesai','Lunas','Diterima','2016-10-03','2016-10-03'),('03112016-001',5,'2016-11-03','Selesai','Lunas','Diterima','2016-11-03','2016-11-03'),('03112016-002',9,'2016-11-03','Selesai','Lunas','Diterima','2016-11-03','2016-11-03'),('03112016-003',12,'2016-11-03','Selesai','Lunas','Diterima','2016-11-03','2016-11-03'),('03112016-004',35,'2016-11-03','Selesai','Lunas','Diterima','2016-11-03','2016-11-03'),('03112016-005',159,'2016-11-03','Selesai','Lunas','Diterima','2016-11-03','2016-11-03'),('03112016-006',56,'2016-11-03','Selesai','Lunas','Diterima','2016-11-03','2016-11-03'),('04062016-001',12,'2016-06-04','Selesai','Lunas','Diterima','2016-06-04','2016-06-04'),('04062016-002',18,'2016-06-04','Selesai','Lunas','Diterima','2016-06-04','2016-06-04'),('04062016-003',16,'2016-06-04','Selesai','Lunas','Diterima','2016-06-04','2016-06-04'),('04082016-001',3,'2016-08-04','Selesai','Lunas','Diterima','2016-08-04','2016-08-04'),('04082016-002',4,'2016-08-04','Selesai','Lunas','Diterima','2016-08-04','2016-08-04'),('04082016-003',7,'2016-08-04','Selesai','Lunas','Diterima','2016-08-04','2016-08-04'),('04082016-004',14,'2016-08-04','Selesai','Lunas','Diterima','2016-08-04','2016-08-04'),('04082016-005',42,'2016-08-04','Selesai','Lunas','Diterima','2016-08-04','2016-08-04'),('04082016-006',87,'2016-08-04','Selesai','Lunas','Diterima','2016-08-04','2016-08-04'),('04092016-001',16,'2016-09-04','Selesai','Lunas','Diterima','2016-09-04','2016-09-04'),('04102016-001',4,'2016-10-04','Selesai','Lunas','Diterima','2016-10-04','2016-10-04'),('04102016-002',22,'2016-10-04','Selesai','Lunas','Diterima','2016-10-04','2016-10-04'),('04102016-003',16,'2016-10-04','Selesai','Lunas','Diterima','2016-10-04','2016-10-04'),('04102016-004',16,'2016-10-04','Selesai','Lunas','Diterima','2016-10-04','2016-10-04'),('04102016-005',13,'2016-10-04','Selesai','Lunas','Diterima','2016-10-04','2016-10-04'),('04102016-006',13,'2016-10-04','Selesai','Lunas','Diterima','2016-10-04','2016-10-04'),('04102016-007',35,'2016-10-04','Selesai','Lunas','Diterima','2016-10-04','2016-10-04'),('04102016-008',47,'2016-10-04','Selesai','Lunas','Diterima','2016-10-04','2016-10-04'),('04102016-009',48,'2016-10-04','Selesai','Lunas','Diterima','2016-10-04','2016-10-04'),('04102016-010',139,'2016-10-04','Selesai','Lunas','Diterima','2016-10-04','2016-10-04'),('04112016-001',5,'2016-11-04','Selesai','Lunas','Diterima','2016-11-04','2016-11-04'),('04112016-002',7,'2016-11-04','Selesai','Lunas','Diterima','2016-11-04','2016-11-04'),('04112016-003',9,'2016-11-04','Selesai','Lunas','Diterima','2016-11-04','2016-11-04'),('04112016-004',10,'2016-11-04','Selesai','Lunas','Diterima','2016-11-04','2016-11-04'),('04112016-005',16,'2016-11-04','Selesai','Lunas','Diterima','2016-11-04','2016-11-04'),('04112016-006',16,'2016-11-04','Selesai','Lunas','Diterima','2016-11-04','2016-11-04'),('04112016-007',160,'2016-11-04','Selesai','Lunas','Diterima','2016-11-04','2016-11-04'),('04112016-008',161,'2016-11-04','Selesai','Lunas','Diterima','2016-11-04','2016-11-04'),('04112016-009',162,'2016-11-04','Selesai','Lunas','Diterima','2016-11-04','2016-11-04'),('04112016-010',163,'2016-11-04','Selesai','Lunas','Diterima','2016-11-04','2016-11-04'),('04112016-011',59,'2016-11-04','Selesai','Lunas','Diterima','2016-11-04','2016-11-04'),('04112016-012',111,'2016-11-04','Selesai','Lunas','Diterima','2016-11-04','2016-11-04'),('04122016-001',55,'2016-12-04','Selesai','Lunas','Diterima','2016-12-04','2016-12-04'),('05072016-001',59,'2016-07-05','Selesai','Lunas','Diterima','2016-07-05','2016-07-05'),('05082016-001',11,'2016-08-05','Selesai','Lunas','Diterima','2016-08-05','2016-08-05'),('05082016-002',16,'2016-08-05','Selesai','Lunas','Diterima','2016-08-05','2016-08-05'),('05082016-003',47,'2016-08-05','Selesai','Lunas','Diterima','2016-08-05','2016-08-05'),('05082016-004',56,'2016-08-05','Selesai','Lunas','Diterima','2016-08-05','2016-08-05'),('05082017-001',111,'2017-08-05','Selesai','Lunas','Diterima','2017-08-05','2017-08-05'),('05092016-001',4,'2016-09-05','Selesai','Lunas','Diterima','2016-09-05','2016-09-05'),('05092016-002',4,'2016-09-05','Selesai','Lunas','Diterima','2016-09-05','2016-09-05'),('05092016-003',21,'2016-09-05','Selesai','Lunas','Diterima','2016-09-05','2016-09-05'),('05092016-004',49,'2016-09-05','Selesai','Lunas','Diterima','2016-09-05','2016-09-05'),('05092016-005',86,'2016-09-05','Selesai','Lunas','Diterima','2016-09-05','2016-09-05'),('05102016-001',4,'2016-10-05','Selesai','Lunas','Diterima','2016-10-05','2016-10-05'),('05102016-002',4,'2016-10-05','Selesai','Lunas','Diterima','2016-10-05','2016-10-05'),('05102016-003',9,'2016-10-05','Selesai','Lunas','Diterima','2016-10-05','2016-10-05'),('05102016-004',15,'2016-10-05','Selesai','Lunas','Diterima','2016-10-05','2016-10-05'),('05102016-005',15,'2016-10-05','Selesai','Lunas','Diterima','2016-10-05','2016-10-05'),('05102016-006',15,'2016-10-05','Selesai','Lunas','Diterima','2016-10-05','2016-10-05'),('05102016-007',27,'2016-10-05','Selesai','Lunas','Diterima','2016-10-05','2016-10-05'),('05102016-008',16,'2016-10-05','Selesai','Lunas','Diterima','2016-10-05','2016-10-05'),('05102016-009',46,'2016-10-05','Selesai','Lunas','Diterima','2016-10-05','2016-10-05'),('05102016-010',47,'2016-10-05','Selesai','Lunas','Diterima','2016-10-05','2016-10-05'),('05102016-011',52,'2016-10-05','Selesai','Lunas','Diterima','2016-10-05','2016-10-05'),('05102016-012',65,'2016-10-05','Selesai','Lunas','Diterima','2016-10-05','2016-10-05'),('05102016-013',103,'2016-10-05','Selesai','Lunas','Diterima','2016-10-05','2016-10-05'),('05102016-014',140,'2016-10-05','Selesai','Lunas','Diterima','2016-10-05','2016-10-05'),('05102016-015',56,'2016-10-05','Selesai','Lunas','Diterima','2016-10-05','2016-10-05'),('05102016-016',102,'2016-10-05','Selesai','Lunas','Diterima','2016-10-05','2016-10-05'),('05112016-001',9,'2016-11-05','Selesai','Lunas','Diterima','2016-11-05','2016-11-05'),('05112016-002',12,'2016-11-05','Selesai','Lunas','Diterima','2016-11-05','2016-11-05'),('05112016-003',141,'2016-11-05','Selesai','Lunas','Diterima','2016-11-05','2016-11-05'),('05122016-001',7,'2016-12-05','Selesai','Lunas','Diterima','2016-12-05','2016-12-05'),('05122016-002',22,'2016-12-05','Selesai','Lunas','Diterima','2016-12-05','2016-12-05'),('05122016-003',13,'2016-12-05','Selesai','Lunas','Diterima','2016-12-05','2016-12-05'),('05122016-004',55,'2016-12-05','Selesai','Lunas','Diterima','2016-12-05','2016-12-05'),('05122016-005',58,'2016-12-05','Selesai','Lunas','Diterima','2016-12-05','2016-12-05'),('05122016-006',182,'2016-12-05','Selesai','Lunas','Diterima','2016-12-05','2016-12-05'),('05122016-007',182,'2016-12-05','Selesai','Lunas','Diterima','2016-12-05','2016-12-05'),('05122016-008',183,'2016-12-05','Selesai','Lunas','Diterima','2016-12-05','2016-12-05'),('05122016-009',171,'2016-12-05','Selesai','Lunas','Diterima','2016-12-05','2016-12-05'),('05122016-010',171,'2016-12-05','Selesai','Lunas','Diterima','2016-12-05','2016-12-05'),('05122016-011',125,'2016-12-05','Selesai','Lunas','Diterima','2016-12-05','2016-12-05'),('06012016-001',100,'2016-01-06','Selesai','Lunas','Diterima','2016-01-06','2016-01-06'),('06072016-001',15,'2016-07-06','Selesai','Lunas','Diterima','2016-07-06','2016-07-06'),('06072016-002',47,'2016-07-06','Selesai','Lunas','Diterima','2016-07-06','2016-07-06'),('06072016-003',67,'2016-07-06','Selesai','Lunas','Diterima','2016-07-06','2016-07-06'),('06072016-004',74,'2016-07-06','Selesai','Lunas','Diterima','2016-07-06','2016-07-06'),('06072016-005',84,'2016-07-06','Selesai','Lunas','Diterima','2016-07-06','2016-07-06'),('06072016-006',59,'2016-07-06','Selesai','Lunas','Diterima','2016-07-06','2016-07-06'),('06072016-007',120,'2016-07-06','Selesai','Lunas','Diterima','2016-07-06','2016-07-06'),('06072016-008',102,'2016-07-06','Selesai','Lunas','Diterima','2016-07-06','2016-07-06'),('06072016-009',100,'2016-07-06','Selesai','Lunas','Diterima','2016-07-06','2016-07-06'),('06072016-010',111,'2016-07-06','Selesai','Lunas','Diterima','2016-07-06','2016-07-06'),('06082016-001',7,'2016-08-06','Selesai','Lunas','Diterima','2016-08-06','2016-08-06'),('06082016-002',12,'2016-08-06','Selesai','Lunas','Diterima','2016-08-06','2016-08-06'),('06082016-003',71,'2016-08-06','Selesai','Lunas','Diterima','2016-08-06','2016-08-06'),('06082016-004',56,'2016-08-06','Selesai','Lunas','Diterima','2016-08-06','2016-08-06'),('06082016-005',100,'2016-08-06','Selesai','Lunas','Diterima','2016-08-06','2016-08-06'),('06092016-001',15,'2016-09-06','Selesai','Lunas','Diterima','2016-09-06','2016-09-06'),('06092016-002',16,'2016-09-06','Selesai','Lunas','Diterima','2016-09-06','2016-09-06'),('06092016-003',16,'2016-09-06','Selesai','Lunas','Diterima','2016-09-06','2016-09-06'),('06092016-004',68,'2016-09-06','Selesai','Lunas','Diterima','2016-09-06','2016-09-06'),('06092016-005',63,'2016-09-06','Selesai','Lunas','Diterima','2016-09-06','2016-09-06'),('06102016-001',7,'2016-10-06','Selesai','Lunas','Diterima','2016-10-06','2016-10-06'),('06102016-002',7,'2016-10-06','Selesai','Lunas','Diterima','2016-10-06','2016-10-06'),('06102016-003',9,'2016-10-06','Selesai','Lunas','Diterima','2016-10-06','2016-10-06'),('06102016-004',11,'2016-10-06','Selesai','Lunas','Diterima','2016-10-06','2016-10-06'),('06102016-005',12,'2016-10-06','Selesai','Lunas','Diterima','2016-10-06','2016-10-06'),('06102016-006',15,'2016-10-06','Selesai','Lunas','Diterima','2016-10-06','2016-10-06'),('06102016-007',15,'2016-10-06','Selesai','Lunas','Diterima','2016-10-06','2016-10-06'),('06102016-008',16,'2016-10-06','Selesai','Lunas','Diterima','2016-10-06','2016-10-06'),('06102016-009',68,'2016-10-06','Selesai','Lunas','Diterima','2016-10-06','2016-10-06'),('06102016-010',101,'2016-10-06','Selesai','Lunas','Diterima','2016-10-06','2016-10-06'),('06102016-011',118,'2016-10-06','Selesai','Lunas','Diterima','2016-10-06','2016-10-06'),('06102016-012',142,'2016-10-06','Selesai','Lunas','Diterima','2016-10-06','2016-10-06'),('06102016-013',63,'2016-10-06','Selesai','Lunas','Diterima','2016-10-06','2016-10-06'),('06122016-001',49,'2016-12-06','Selesai','Lunas','Diterima','2016-12-06','2016-12-06'),('06122016-002',185,'2016-12-06','Selesai','Lunas','Diterima','2016-12-06','2016-12-06'),('06122016-003',186,'2016-12-06','Selesai','Lunas','Diterima','2016-12-06','2016-12-06'),('06122016-004',187,'2016-12-06','Selesai','Lunas','Diterima','2016-12-06','2016-12-06'),('06122016-005',184,'2016-12-06','Selesai','Lunas','Diterima','2016-12-06','2016-12-06'),('06122016-006',59,'2016-12-06','Selesai','Lunas','Diterima','2016-12-06','2016-12-06'),('06122016-007',59,'2016-12-06','Selesai','Lunas','Diterima','2016-12-06','2016-12-06'),('06122016-008',63,'2016-12-06','Selesai','Lunas','Diterima','2016-12-06','2016-12-06'),('06122016-009',63,'2016-12-06','Selesai','Lunas','Diterima','2016-12-06','2016-12-06'),('06122016-010',63,'2016-12-06','Selesai','Lunas','Diterima','2016-12-06','2016-12-06'),('06122016-011',22,'2016-12-06','Selesai','Lunas','Diterima','2016-12-06','2016-12-06'),('06122016-012',143,'2016-12-06','Selesai','Lunas','Diterima','2016-12-06','2016-12-06'),('06122016-013',102,'2016-12-06','Selesai','Lunas','Diterima','2016-12-06','2016-12-06'),('07042017-001',56,'2017-04-07','Selesai','Lunas','Diterima','2017-04-07','2017-04-07'),('07042017-002',120,'2017-04-07','Selesai','Lunas','Diterima','2017-04-07','2017-04-07'),('07042017-003',102,'2017-04-07','Selesai','Lunas','Diterima','2017-04-07','2017-04-07'),('07042017-004',102,'2017-04-07','Selesai','Lunas','Diterima','2017-04-07','2017-04-07'),('07062016-001',12,'2016-06-07','Selesai','Lunas','Diterima','2016-06-07','2016-06-07'),('07062016-002',15,'2016-06-07','Selesai','Lunas','Diterima','2016-06-07','2016-06-07'),('07062016-003',16,'2016-06-07','Selesai','Lunas','Diterima','2016-06-07','2016-06-07'),('07062016-004',57,'2016-06-07','Selesai','Lunas','Diterima','2016-06-07','2016-06-07'),('07062016-005',59,'2016-06-07','Selesai','Lunas','Diterima','2016-06-07','2016-06-07'),('07072016-001',1,'2016-07-07','Selesai','Lunas','Diterima','2016-07-07','2016-07-07'),('07072016-002',16,'2016-07-07','Selesai','Lunas','Diterima','2016-07-07','2016-07-07'),('07072016-003',46,'2016-07-07','Selesai','Lunas','Diterima','2016-07-07','2016-07-07'),('07072016-004',102,'2016-07-07','Selesai','Lunas','Diterima','2016-07-07','2016-07-07'),('07072016-005',111,'2016-07-07','Selesai','Lunas','Diterima','2016-07-07','2016-07-07'),('07072016-006',111,'2016-07-07','Selesai','Lunas','Diterima','2016-07-07','2016-07-07'),('07092016-001',3,'2016-09-07','Selesai','Lunas','Diterima','2016-09-07','2016-09-07'),('07092016-002',4,'2016-09-07','Selesai','Lunas','Diterima','2016-09-07','2016-09-07'),('07092016-003',4,'2016-09-07','Selesai','Lunas','Diterima','2016-09-07','2016-09-07'),('07092016-004',15,'2016-09-07','Selesai','Lunas','Diterima','2016-09-07','2016-09-07'),('07092016-005',21,'2016-09-07','Selesai','Lunas','Diterima','2016-09-07','2016-09-07'),('07092016-006',16,'2016-09-07','Selesai','Lunas','Diterima','2016-09-07','2016-09-07'),('07092016-007',16,'2016-09-07','Selesai','Lunas','Diterima','2016-09-07','2016-09-07'),('07092016-008',16,'2016-09-07','Selesai','Lunas','Diterima','2016-09-07','2016-09-07'),('07092016-009',35,'2016-09-07','Selesai','Lunas','Diterima','2016-09-07','2016-09-07'),('07092016-010',41,'2016-09-07','Selesai','Lunas','Diterima','2016-09-07','2016-09-07'),('07092016-011',72,'2016-09-07','Selesai','Lunas','Diterima','2016-09-07','2016-09-07'),('07092016-012',94,'2016-09-07','Selesai','Lunas','Diterima','2016-09-07','2016-09-07'),('07092016-013',29,'2016-09-07','Selesai','Lunas','Diterima','2016-09-07','2016-09-07'),('07092016-014',59,'2016-09-07','Selesai','Lunas','Diterima','2016-09-07','2016-09-07'),('07092016-015',102,'2016-09-07','Selesai','Lunas','Diterima','2016-09-07','2016-09-07'),('07092016-016',100,'2016-09-07','Selesai','Lunas','Diterima','2016-09-07','2016-09-07'),('07102016-001',4,'2016-10-07','Selesai','Lunas','Diterima','2016-10-07','2016-10-07'),('07102016-002',4,'2016-10-07','Selesai','Lunas','Diterima','2016-10-07','2016-10-07'),('07102016-003',5,'2016-10-07','Selesai','Lunas','Diterima','2016-10-07','2016-10-07'),('07102016-004',9,'2016-10-07','Selesai','Lunas','Diterima','2016-10-07','2016-10-07'),('07102016-005',16,'2016-10-07','Selesai','Lunas','Diterima','2016-10-07','2016-10-07'),('07102016-006',62,'2016-10-07','Selesai','Lunas','Diterima','2016-10-07','2016-10-07'),('07102016-007',144,'2016-10-07','Selesai','Lunas','Diterima','2016-10-07','2016-10-07'),('07102016-008',59,'2016-10-07','Selesai','Lunas','Diterima','2016-10-07','2016-10-07'),('07112016-001',32,'2016-11-07','Selesai','Lunas','Diterima','2016-11-07','2016-11-07'),('07112016-002',33,'2016-11-07','Selesai','Lunas','Diterima','2016-11-07','2016-11-07'),('07112016-003',33,'2016-11-07','Selesai','Lunas','Diterima','2016-11-07','2016-11-07'),('07112016-004',50,'2016-11-07','Selesai','Lunas','Diterima','2016-11-07','2016-11-07'),('07112016-005',136,'2016-11-07','Selesai','Lunas','Diterima','2016-11-07','2016-11-07'),('07112016-006',84,'2016-11-07','Selesai','Lunas','Diterima','2016-11-07','2016-11-07'),('07122016-001',50,'2016-12-07','Selesai','Lunas','Diterima','2016-12-07','2016-12-07'),('07122016-002',188,'2016-12-07','Selesai','Lunas','Diterima','2016-12-07','2016-12-07'),('07122016-003',59,'2016-12-07','Selesai','Lunas','Diterima','2016-12-07','2016-12-07'),('07122016-004',120,'2016-12-07','Selesai','Lunas','Diterima','2016-12-07','2016-12-07'),('08062016-001',21,'2016-06-08','Selesai','Lunas','Diterima','2016-06-08','2016-06-08'),('08062016-002',16,'2016-06-08','Selesai','Lunas','Diterima','2016-06-08','2016-06-08'),('08062016-003',35,'2016-06-08','Selesai','Lunas','Diterima','2016-06-08','2016-06-08'),('08062016-004',42,'2016-06-08','Selesai','Lunas','Diterima','2016-06-08','2016-06-08'),('08062016-005',68,'2016-06-08','Selesai','Lunas','Diterima','2016-06-08','2016-06-08'),('08062016-006',59,'2016-06-08','Selesai','Lunas','Diterima','2016-06-08','2016-06-08'),('08062016-007',59,'2016-06-08','Selesai','Lunas','Diterima','2016-06-08','2016-06-08'),('08062016-008',125,'2016-06-08','Selesai','Lunas','Diterima','2016-06-08','2016-06-08'),('08062016-009',102,'2016-06-08','Selesai','Lunas','Diterima','2016-06-08','2016-06-08'),('08062016-010',102,'2016-06-08','Selesai','Lunas','Diterima','2016-06-08','2016-06-08'),('08072016-001',11,'2016-07-08','Selesai','Lunas','Diterima','2016-07-08','2016-07-08'),('08072016-002',15,'2016-07-08','Selesai','Lunas','Diterima','2016-07-08','2016-07-08'),('08072016-003',42,'2016-07-08','Selesai','Lunas','Diterima','2016-07-08','2016-07-08'),('08072016-004',47,'2016-07-08','Selesai','Lunas','Diterima','2016-07-08','2016-07-08'),('08072016-005',58,'2016-07-08','Selesai','Lunas','Diterima','2016-07-08','2016-07-08'),('08072016-006',100,'2016-07-08','Selesai','Lunas','Diterima','2016-07-08','2016-07-08'),('08072016-007',111,'2016-07-08','Selesai','Lunas','Diterima','2016-07-08','2016-07-08'),('08082016-001',3,'2016-08-08','Selesai','Lunas','Diterima','2016-08-08','2016-08-08'),('08082016-002',7,'2016-08-08','Selesai','Lunas','Diterima','2016-08-08','2016-08-08'),('08082016-003',46,'2016-08-08','Selesai','Lunas','Diterima','2016-08-08','2016-08-08'),('08082016-004',47,'2016-08-08','Selesai','Lunas','Diterima','2016-08-08','2016-08-08'),('08082016-005',74,'2016-08-08','Selesai','Lunas','Diterima','2016-08-08','2016-08-08'),('08092016-001',7,'2016-09-08','Selesai','Lunas','Diterima','2016-09-08','2016-09-08'),('08092016-002',9,'2016-09-08','Selesai','Lunas','Diterima','2016-09-08','2016-09-08'),('08092016-003',9,'2016-09-08','Selesai','Lunas','Diterima','2016-09-08','2016-09-08'),('08092016-004',14,'2016-09-08','Selesai','Lunas','Diterima','2016-09-08','2016-09-08'),('08092016-005',16,'2016-09-08','Selesai','Lunas','Diterima','2016-09-08','2016-09-08'),('08092016-006',35,'2016-09-08','Selesai','Lunas','Diterima','2016-09-08','2016-09-08'),('08092016-007',64,'2016-09-08','Selesai','Lunas','Diterima','2016-09-08','2016-09-08'),('08092016-008',76,'2016-09-08','Selesai','Lunas','Diterima','2016-09-08','2016-09-08'),('08092016-009',85,'2016-09-08','Selesai','Lunas','Diterima','2016-09-08','2016-09-08'),('08092016-010',121,'2016-09-08','Selesai','Lunas','Diterima','2016-09-08','2016-09-08'),('08092016-011',137,'2016-09-08','Selesai','Lunas','Diterima','2016-09-08','2016-09-08'),('08092016-012',56,'2016-09-08','Selesai','Lunas','Diterima','2016-09-08','2016-09-08'),('08092016-013',59,'2016-09-08','Selesai','Lunas','Diterima','2016-09-08','2016-09-08'),('08092016-014',102,'2016-09-08','Selesai','Lunas','Diterima','2016-09-08','2016-09-08'),('08092016-015',102,'2016-09-08','Selesai','Lunas','Diterima','2016-09-08','2016-09-08'),('08092016-016',111,'2016-09-08','Selesai','Lunas','Diterima','2016-09-08','2016-09-08'),('08102016-001',9,'2016-10-08','Selesai','Lunas','Diterima','2016-10-08','2016-10-08'),('08102016-002',30,'2016-10-08','Selesai','Lunas','Diterima','2016-10-08','2016-10-08'),('08102016-003',16,'2016-10-08','Selesai','Lunas','Diterima','2016-10-08','2016-10-08'),('08102016-004',106,'2016-10-08','Selesai','Lunas','Diterima','2016-10-08','2016-10-08'),('08102016-005',112,'2016-10-08','Selesai','Lunas','Diterima','2016-10-08','2016-10-08'),('08102016-006',56,'2016-10-08','Selesai','Lunas','Diterima','2016-10-08','2016-10-08'),('08112016-001',5,'2016-11-08','Selesai','Lunas','Diterima','2016-11-08','2016-11-08'),('08112016-002',13,'2016-11-08','Selesai','Lunas','Diterima','2016-11-08','2016-11-08'),('08112016-003',13,'2016-11-08','Selesai','Lunas','Diterima','2016-11-08','2016-11-08'),('08112016-004',42,'2016-11-08','Selesai','Lunas','Diterima','2016-11-08','2016-11-08'),('08112016-005',132,'2016-11-08','Selesai','Lunas','Diterima','2016-11-08','2016-11-08'),('08112016-006',164,'2016-11-08','Selesai','Lunas','Diterima','2016-11-08','2016-11-08'),('08112016-007',56,'2016-11-08','Selesai','Lunas','Diterima','2016-11-08','2016-11-08'),('08112016-008',59,'2016-11-08','Selesai','Lunas','Diterima','2016-11-08','2016-11-08'),('08112016-009',59,'2016-11-08','Selesai','Lunas','Diterima','2016-11-08','2016-11-08'),('08112016-010',63,'2016-11-08','Selesai','Lunas','Diterima','2016-11-08','2016-11-08'),('08122016-001',12,'2016-12-08','Selesai','Lunas','Diterima','2016-12-08','2016-12-08'),('09062016-001',15,'2016-06-09','Selesai','Lunas','Diterima','2016-06-09','2016-06-09'),('09062016-002',23,'2016-06-09','Selesai','Lunas','Diterima','2016-06-09','2016-06-09'),('09062016-003',21,'2016-06-09','Selesai','Lunas','Diterima','2016-06-09','2016-06-09'),('09062016-004',16,'2016-06-09','Selesai','Lunas','Diterima','2016-06-09','2016-06-09'),('09062016-005',47,'2016-06-09','Selesai','Lunas','Diterima','2016-06-09','2016-06-09'),('09072016-001',11,'2016-07-09','Selesai','Lunas','Diterima','2016-07-09','2016-07-09'),('09072016-002',47,'2016-07-09','Selesai','Lunas','Diterima','2016-07-09','2016-07-09'),('09072016-003',60,'2016-07-09','Selesai','Lunas','Diterima','2016-07-09','2016-07-09'),('09072016-004',100,'2016-07-09','Selesai','Lunas','Diterima','2016-07-09','2016-07-09'),('09082016-001',16,'2016-08-09','Selesai','Lunas','Diterima','2016-08-09','2016-08-09'),('09082016-002',16,'2016-08-09','Selesai','Lunas','Diterima','2016-08-09','2016-08-09'),('09082016-003',97,'2016-08-09','Selesai','Lunas','Diterima','2016-08-09','2016-08-09'),('09092016-001',96,'2016-09-09','Selesai','Lunas','Diterima','2016-09-09','2016-09-09'),('09092016-002',123,'2016-09-09','Selesai','Lunas','Diterima','2016-09-09','2016-09-09'),('09092016-003',56,'2016-09-09','Selesai','Lunas','Diterima','2016-09-09','2016-09-09'),('09092016-004',56,'2016-09-09','Selesai','Lunas','Diterima','2016-09-09','2016-09-09'),('09112016-001',7,'2016-11-09','Selesai','Lunas','Diterima','2016-11-09','2016-11-09'),('09112016-002',9,'2016-11-09','Selesai','Lunas','Diterima','2016-11-09','2016-11-09'),('09112016-003',20,'2016-11-09','Selesai','Lunas','Diterima','2016-11-09','2016-11-09'),('09112016-004',16,'2016-11-09','Selesai','Lunas','Diterima','2016-11-09','2016-11-09'),('09112016-005',35,'2016-11-09','Selesai','Lunas','Diterima','2016-11-09','2016-11-09'),('09112016-006',35,'2016-11-09','Selesai','Lunas','Diterima','2016-11-09','2016-11-09'),('09112016-007',15,'2016-11-09','Selesai','Lunas','Diterima','2016-11-09','2016-11-09'),('09112016-008',42,'2016-11-09','Selesai','Lunas','Diterima','2016-11-09','2016-11-09'),('09112016-009',42,'2016-11-09','Selesai','Lunas','Diterima','2016-11-09','2016-11-09'),('09112016-010',42,'2016-11-09','Selesai','Lunas','Diterima','2016-11-09','2016-11-09'),('09112016-011',122,'2016-11-09','Selesai','Lunas','Diterima','2016-11-09','2016-11-09'),('09112016-012',165,'2016-11-09','Selesai','Lunas','Diterima','2016-11-09','2016-11-09'),('09112016-013',56,'2016-11-09','Selesai','Lunas','Diterima','2016-11-09','2016-11-09'),('09112016-014',125,'2016-11-09','Selesai','Lunas','Diterima','2016-11-09','2016-11-09'),('09112016-015',100,'2016-11-09','Selesai','Lunas','Diterima','2016-11-09','2016-11-09'),('09112016-016',111,'2016-11-09','Selesai','Lunas','Diterima','2016-11-09','2016-11-09'),('09122016-001',58,'2016-12-09','Selesai','Lunas','Diterima','2016-12-09','2016-12-09'),('09122016-002',184,'2016-12-09','Selesai','Lunas','Diterima','2016-12-09','2016-12-09'),('10062016-001',4,'2016-06-10','Selesai','Lunas','Diterima','2016-06-10','2016-06-10'),('10062016-002',7,'2016-06-10','Selesai','Lunas','Diterima','2016-06-10','2016-06-10'),('10062016-003',11,'2016-06-10','Selesai','Lunas','Diterima','2016-06-10','2016-06-10'),('10062016-004',16,'2016-06-10','Selesai','Lunas','Diterima','2016-06-10','2016-06-10'),('10072016-001',56,'2016-07-10','Selesai','Lunas','Diterima','2016-07-10','2016-07-10'),('10082016-001',4,'2016-08-10','Selesai','Lunas','Diterima','2016-08-10','2016-08-10'),('10082016-002',12,'2016-08-10','Selesai','Lunas','Diterima','2016-08-10','2016-08-10'),('10082016-003',12,'2016-08-10','Selesai','Lunas','Diterima','2016-08-10','2016-08-10'),('10082016-004',16,'2016-08-10','Selesai','Lunas','Diterima','2016-08-10','2016-08-10'),('10082016-005',15,'2016-08-10','Selesai','Lunas','Diterima','2016-08-10','2016-08-10'),('10082016-006',47,'2016-08-10','Selesai','Lunas','Diterima','2016-08-10','2016-08-10'),('10082016-007',64,'2016-08-10','Selesai','Lunas','Diterima','2016-08-10','2016-08-10'),('10082016-008',114,'2016-08-10','Selesai','Lunas','Diterima','2016-08-10','2016-08-10'),('10082016-009',171,'2016-08-10','Selesai','Lunas','Diterima','2016-08-10','2016-08-10'),('10082016-010',102,'2016-08-10','Selesai','Lunas','Diterima','2016-08-10','2016-08-10'),('10082016-011',100,'2016-08-10','Selesai','Lunas','Diterima','2016-08-10','2016-08-10'),('10092016-001',7,'2016-09-10','Selesai','Lunas','Diterima','2016-09-10','2016-09-10'),('10092016-002',12,'2016-09-10','Selesai','Lunas','Diterima','2016-09-10','2016-09-10'),('10092016-003',14,'2016-09-10','Selesai','Lunas','Diterima','2016-09-10','2016-09-10'),('10092016-004',14,'2016-09-10','Selesai','Lunas','Diterima','2016-09-10','2016-09-10'),('10092016-005',56,'2016-09-10','Selesai','Lunas','Diterima','2016-09-10','2016-09-10'),('10092016-006',56,'2016-09-10','Selesai','Lunas','Diterima','2016-09-10','2016-09-10'),('10092016-007',59,'2016-09-10','Selesai','Lunas','Diterima','2016-09-10','2016-09-10'),('10102016-001',5,'2016-10-10','Selesai','Lunas','Diterima','2016-10-10','2016-10-10'),('10102016-002',32,'2016-10-10','Selesai','Lunas','Diterima','2016-10-10','2016-10-10'),('10102016-003',33,'2016-10-10','Selesai','Lunas','Diterima','2016-10-10','2016-10-10'),('10102016-004',16,'2016-10-10','Selesai','Lunas','Diterima','2016-10-10','2016-10-10'),('10102016-005',48,'2016-10-10','Selesai','Lunas','Diterima','2016-10-10','2016-10-10'),('10102016-006',145,'2016-10-10','Selesai','Lunas','Diterima','2016-10-10','2016-10-10'),('10112016-001',7,'2016-11-10','Selesai','Lunas','Diterima','2016-11-10','2016-11-10'),('10112016-002',7,'2016-11-10','Selesai','Lunas','Diterima','2016-11-10','2016-11-10'),('10112016-003',9,'2016-11-10','Selesai','Lunas','Diterima','2016-11-10','2016-11-10'),('10112016-004',14,'2016-11-10','Selesai','Lunas','Diterima','2016-11-10','2016-11-10'),('10112016-005',16,'2016-11-10','Selesai','Lunas','Diterima','2016-11-10','2016-11-10'),('10112016-006',15,'2016-11-10','Selesai','Lunas','Diterima','2016-11-10','2016-11-10'),('10112016-007',60,'2016-11-10','Selesai','Lunas','Diterima','2016-11-10','2016-11-10'),('10112016-008',68,'2016-11-10','Selesai','Lunas','Diterima','2016-11-10','2016-11-10'),('10112016-009',94,'2016-11-10','Selesai','Lunas','Diterima','2016-11-10','2016-11-10'),('10112016-010',56,'2016-11-10','Selesai','Lunas','Diterima','2016-11-10','2016-11-10'),('10112016-011',56,'2016-11-10','Selesai','Lunas','Diterima','2016-11-10','2016-11-10'),('10112016-012',59,'2016-11-10','Selesai','Lunas','Diterima','2016-11-10','2016-11-10'),('10112016-013',143,'2016-11-10','Selesai','Lunas','Diterima','2016-11-10','2016-11-10'),('10112016-014',111,'2016-11-10','Selesai','Lunas','Diterima','2016-11-10','2016-11-10'),('10112016-015',111,'2016-11-10','Selesai','Lunas','Diterima','2016-11-10','2016-11-10'),('10112016-016',111,'2016-11-10','Selesai','Lunas','Diterima','2016-11-10','2016-11-10'),('10122016-001',128,'2016-12-10','Selesai','Lunas','Diterima','2016-12-10','2016-12-10'),('10122016-002',189,'2016-12-10','Selesai','Lunas','Diterima','2016-12-10','2016-12-10'),('10142016-001',59,'0000-00-00','Selesai','Lunas','Diterima','0000-00-00','0000-00-00'),('10232016-001',56,'0000-00-00','Selesai','Lunas','Diterima','0000-00-00','0000-00-00'),('11012016-001',59,'2016-01-11','Selesai','Lunas','Diterima','2016-01-11','2016-01-11'),('11062016-001',7,'2016-06-11','Selesai','Lunas','Diterima','2016-06-11','2016-06-11'),('11062016-002',11,'2016-06-11','Selesai','Lunas','Diterima','2016-06-11','2016-06-11'),('11072016-001',4,'2016-07-11','Selesai','Lunas','Diterima','2016-07-11','2016-07-11'),('11072016-002',9,'2016-07-11','Selesai','Lunas','Diterima','2016-07-11','2016-07-11'),('11072017-001',59,'2017-07-11','Selesai','Lunas','Diterima','2017-07-11','2017-07-11'),('11082016-001',7,'2016-08-11','Selesai','Lunas','Diterima','2016-08-11','2016-08-11'),('11082016-002',9,'2016-08-11','Selesai','Lunas','Diterima','2016-08-11','2016-08-11'),('11082016-003',9,'2016-08-11','Selesai','Lunas','Diterima','2016-08-11','2016-08-11'),('11082016-004',15,'2016-08-11','Selesai','Lunas','Diterima','2016-08-11','2016-08-11'),('11082016-005',43,'2016-08-11','Selesai','Lunas','Diterima','2016-08-11','2016-08-11'),('11082016-006',56,'2016-08-11','Selesai','Lunas','Diterima','2016-08-11','2016-08-11'),('11082016-007',56,'2016-08-11','Selesai','Lunas','Diterima','2016-08-11','2016-08-11'),('11092016-001',7,'2016-09-11','Selesai','Lunas','Diterima','2016-09-11','2016-09-11'),('11102016-001',25,'2016-10-11','Selesai','Lunas','Diterima','2016-10-11','2016-10-11'),('11102016-002',16,'2016-10-11','Selesai','Lunas','Diterima','2016-10-11','2016-10-11'),('11102016-003',16,'2016-10-11','Selesai','Lunas','Diterima','2016-10-11','2016-10-11'),('11102016-004',16,'2016-10-11','Selesai','Lunas','Diterima','2016-10-11','2016-10-11'),('11102016-005',13,'2016-10-11','Selesai','Lunas','Diterima','2016-10-11','2016-10-11'),('11102016-006',13,'2016-10-11','Selesai','Lunas','Diterima','2016-10-11','2016-10-11'),('11102016-007',35,'2016-10-11','Selesai','Lunas','Diterima','2016-10-11','2016-10-11'),('11102016-008',97,'2016-10-11','Selesai','Lunas','Diterima','2016-10-11','2016-10-11'),('11102016-009',135,'2016-10-11','Selesai','Lunas','Diterima','2016-10-11','2016-10-11'),('11102016-010',166,'2016-10-11','Selesai','Lunas','Diterima','2016-10-11','2016-10-11'),('11112016-001',7,'2016-11-11','Selesai','Lunas','Diterima','2016-11-11','2016-11-11'),('11112016-002',16,'2016-11-11','Selesai','Lunas','Diterima','2016-11-11','2016-11-11'),('11112016-003',35,'2016-11-11','Selesai','Lunas','Diterima','2016-11-11','2016-11-11'),('11112016-004',64,'2016-11-11','Selesai','Lunas','Diterima','2016-11-11','2016-11-11'),('11112016-005',120,'2016-11-11','Selesai','Lunas','Diterima','2016-11-11','2016-11-11'),('12072016-001',5,'2016-07-12','Selesai','Lunas','Diterima','2016-07-12','2016-07-12'),('12072016-002',47,'2016-07-12','Selesai','Lunas','Diterima','2016-07-12','2016-07-12'),('12072016-003',68,'2016-07-12','Selesai','Lunas','Diterima','2016-07-12','2016-07-12'),('12082016-001',11,'2016-08-12','Selesai','Lunas','Diterima','2016-08-12','2016-08-12'),('12082016-002',11,'2016-08-12','Selesai','Lunas','Diterima','2016-08-12','2016-08-12'),('12082016-003',12,'2016-08-12','Selesai','Lunas','Diterima','2016-08-12','2016-08-12'),('12082016-004',12,'2016-08-12','Selesai','Lunas','Diterima','2016-08-12','2016-08-12'),('12082016-005',12,'2016-08-12','Selesai','Lunas','Diterima','2016-08-12','2016-08-12'),('12082016-006',15,'2016-08-12','Selesai','Lunas','Diterima','2016-08-12','2016-08-12'),('12082016-007',79,'2016-08-12','Selesai','Lunas','Diterima','2016-08-12','2016-08-12'),('12082016-008',99,'2016-08-12','Selesai','Lunas','Diterima','2016-08-12','2016-08-12'),('12082016-009',56,'2016-08-12','Selesai','Lunas','Diterima','2016-08-12','2016-08-12'),('12082016-010',59,'2016-08-12','Selesai','Lunas','Diterima','2016-08-12','2016-08-12'),('12082016-011',59,'2016-08-12','Selesai','Lunas','Diterima','2016-08-12','2016-08-12'),('12082016-012',102,'2016-08-12','Selesai','Lunas','Diterima','2016-08-12','2016-08-12'),('12092016-001',7,'2016-09-12','Selesai','Lunas','Diterima','2016-09-12','2016-09-12'),('12092016-002',16,'2016-09-12','Selesai','Lunas','Diterima','2016-09-12','2016-09-12'),('12102016-001',5,'2016-10-12','Selesai','Lunas','Diterima','2016-10-12','2016-10-12'),('12102016-002',30,'2016-10-12','Selesai','Lunas','Diterima','2016-10-12','2016-10-12'),('12102016-003',22,'2016-10-12','Selesai','Lunas','Diterima','2016-10-12','2016-10-12'),('12102016-004',16,'2016-10-12','Selesai','Lunas','Diterima','2016-10-12','2016-10-12'),('12102016-005',13,'2016-10-12','Selesai','Lunas','Diterima','2016-10-12','2016-10-12'),('12102016-006',13,'2016-10-12','Selesai','Lunas','Diterima','2016-10-12','2016-10-12'),('12102016-007',47,'2016-10-12','Selesai','Lunas','Diterima','2016-10-12','2016-10-12'),('12102016-008',147,'2016-10-12','Selesai','Lunas','Diterima','2016-10-12','2016-10-12'),('12102016-009',82,'2016-10-12','Selesai','Lunas','Diterima','2016-10-12','2016-10-12'),('12102016-010',56,'2016-10-12','Selesai','Lunas','Diterima','2016-10-12','2016-10-12'),('12112016-001',7,'2016-11-12','Selesai','Lunas','Diterima','2016-11-12','2016-11-12'),('12112016-002',86,'2016-11-12','Selesai','Lunas','Diterima','2016-11-12','2016-11-12'),('12112016-003',146,'2016-11-12','Selesai','Lunas','Diterima','2016-11-12','2016-11-12'),('12112016-004',160,'2016-11-12','Selesai','Lunas','Diterima','2016-11-12','2016-11-12'),('12112016-005',167,'2016-11-12','Selesai','Lunas','Diterima','2016-11-12','2016-11-12'),('12122016-001',19,'2016-12-12','Selesai','Lunas','Diterima','2016-12-12','2016-12-12'),('12122016-002',50,'2016-12-12','Selesai','Lunas','Diterima','2016-12-12','2016-12-12'),('12162016-001',59,'0000-00-00','Selesai','Lunas','Diterima','0000-00-00','0000-00-00'),('13062016-001',1,'2016-06-13','Selesai','Lunas','Diterima','2016-06-13','2016-06-13'),('13072016-001',7,'2016-07-13','Selesai','Lunas','Diterima','2016-07-13','2016-07-13'),('13072016-002',7,'2016-07-13','Selesai','Lunas','Diterima','2016-07-13','2016-07-13'),('13072016-003',21,'2016-07-13','Selesai','Lunas','Diterima','2016-07-13','2016-07-13'),('13072016-004',56,'2016-07-13','Selesai','Lunas','Diterima','2016-07-13','2016-07-13'),('13072016-005',59,'2016-07-13','Selesai','Lunas','Diterima','2016-07-13','2016-07-13'),('13072016-006',59,'2016-07-13','Selesai','Lunas','Diterima','2016-07-13','2016-07-13'),('13072016-007',171,'2016-07-13','Selesai','Lunas','Diterima','2016-07-13','2016-07-13'),('13072016-008',125,'2016-07-13','Selesai','Lunas','Diterima','2016-07-13','2016-07-13'),('13082016-001',11,'2016-08-13','Selesai','Lunas','Diterima','2016-08-13','2016-08-13'),('13082016-002',56,'2016-08-13','Selesai','Lunas','Diterima','2016-08-13','2016-08-13'),('13082016-003',56,'2016-08-13','Selesai','Lunas','Diterima','2016-08-13','2016-08-13'),('13092016-001',4,'2016-09-13','Selesai','Lunas','Diterima','2016-09-13','2016-09-13'),('13092016-002',4,'2016-09-13','Selesai','Lunas','Diterima','2016-09-13','2016-09-13'),('13092016-003',12,'2016-09-13','Selesai','Lunas','Diterima','2016-09-13','2016-09-13'),('13092016-004',14,'2016-09-13','Selesai','Lunas','Diterima','2016-09-13','2016-09-13'),('13092017-001',111,'2017-09-13','Selesai','Lunas','Diterima','2017-09-13','2017-09-13'),('13102016-001',7,'2016-10-13','Selesai','Lunas','Diterima','2016-10-13','2016-10-13'),('13102016-002',14,'2016-10-13','Selesai','Lunas','Diterima','2016-10-13','2016-10-13'),('13102016-003',27,'2016-10-13','Selesai','Lunas','Diterima','2016-10-13','2016-10-13'),('13102016-004',16,'2016-10-13','Selesai','Lunas','Diterima','2016-10-13','2016-10-13'),('13102016-005',38,'2016-10-13','Selesai','Lunas','Diterima','2016-10-13','2016-10-13'),('13102016-006',15,'2016-10-13','Selesai','Lunas','Diterima','2016-10-13','2016-10-13'),('13102016-007',105,'2016-10-13','Selesai','Lunas','Diterima','2016-10-13','2016-10-13'),('13102016-008',113,'2016-10-13','Selesai','Lunas','Diterima','2016-10-13','2016-10-13'),('13102016-009',117,'2016-10-13','Selesai','Lunas','Diterima','2016-10-13','2016-10-13'),('13102016-010',148,'2016-10-13','Selesai','Lunas','Diterima','2016-10-13','2016-10-13'),('13102016-011',149,'2016-10-13','Selesai','Lunas','Diterima','2016-10-13','2016-10-13'),('13102016-012',150,'2016-10-13','Selesai','Lunas','Diterima','2016-10-13','2016-10-13'),('13102016-013',56,'2016-10-13','Selesai','Lunas','Diterima','2016-10-13','2016-10-13'),('13102016-014',63,'2016-10-13','Selesai','Lunas','Diterima','2016-10-13','2016-10-13'),('13112016-001',24,'2016-11-13','Selesai','Lunas','Diterima','2016-11-13','2016-11-13'),('13112016-002',33,'2016-11-13','Selesai','Lunas','Diterima','2016-11-13','2016-11-13'),('13112016-003',16,'2016-11-13','Selesai','Lunas','Diterima','2016-11-13','2016-11-13'),('13122016-001',19,'2016-12-13','Selesai','Lunas','Diterima','2016-12-13','2016-12-13'),('13122016-002',31,'2016-12-13','Selesai','Lunas','Diterima','2016-12-13','2016-12-13'),('13122016-003',190,'2016-12-13','Selesai','Lunas','Diterima','2016-12-13','2016-12-13'),('13122016-004',138,'2016-12-13','Selesai','Lunas','Diterima','2016-12-13','2016-12-13'),('13122016-005',138,'2016-12-13','Selesai','Lunas','Diterima','2016-12-13','2016-12-13'),('13122016-006',138,'2016-12-13','Selesai','Lunas','Diterima','2016-12-13','2016-12-13'),('14062016-001',1,'2016-06-14','Selesai','Lunas','Diterima','2016-06-14','2016-06-14'),('14072016-001',1,'2016-07-14','Selesai','Lunas','Diterima','2016-07-14','2016-07-14'),('14072016-002',4,'2016-07-14','Selesai','Lunas','Diterima','2016-07-14','2016-07-14'),('14072016-003',21,'2016-07-14','Selesai','Lunas','Diterima','2016-07-14','2016-07-14'),('14072016-004',43,'2016-07-14','Selesai','Lunas','Diterima','2016-07-14','2016-07-14'),('14072016-005',100,'2016-07-14','Selesai','Lunas','Diterima','2016-07-14','2016-07-14'),('14072016-006',100,'2016-07-14','Selesai','Lunas','Diterima','2016-07-14','2016-07-14'),('14082016-001',16,'2016-08-14','Selesai','Lunas','Diterima','2016-08-14','2016-08-14'),('14092016-001',4,'2016-09-14','Selesai','Lunas','Diterima','2016-09-14','2016-09-14'),('14092016-002',5,'2016-09-14','Selesai','Lunas','Diterima','2016-09-14','2016-09-14'),('14092016-003',7,'2016-09-14','Selesai','Lunas','Diterima','2016-09-14','2016-09-14'),('14092016-004',7,'2016-09-14','Selesai','Lunas','Diterima','2016-09-14','2016-09-14'),('14092016-005',7,'2016-09-14','Selesai','Lunas','Diterima','2016-09-14','2016-09-14'),('14092016-006',27,'2016-09-14','Selesai','Lunas','Diterima','2016-09-14','2016-09-14'),('14092016-007',21,'2016-09-14','Selesai','Lunas','Diterima','2016-09-14','2016-09-14'),('14092016-008',16,'2016-09-14','Selesai','Lunas','Diterima','2016-09-14','2016-09-14'),('14092016-009',47,'2016-09-14','Selesai','Lunas','Diterima','2016-09-14','2016-09-14'),('14092016-010',60,'2016-09-14','Selesai','Lunas','Diterima','2016-09-14','2016-09-14'),('14092016-011',70,'2016-09-14','Selesai','Lunas','Diterima','2016-09-14','2016-09-14'),('14092016-012',128,'2016-09-14','Selesai','Lunas','Diterima','2016-09-14','2016-09-14'),('14092016-013',56,'2016-09-14','Selesai','Lunas','Diterima','2016-09-14','2016-09-14'),('14092016-014',22,'2016-09-14','Selesai','Lunas','Diterima','2016-09-14','2016-09-14'),('14092016-015',22,'2016-09-14','Selesai','Lunas','Diterima','2016-09-14','2016-09-14'),('14092016-016',111,'2016-09-14','Selesai','Lunas','Diterima','2016-09-14','2016-09-14'),('14102016-001',5,'2016-10-14','Selesai','Lunas','Diterima','2016-10-14','2016-10-14'),('14102016-002',7,'2016-10-14','Selesai','Lunas','Diterima','2016-10-14','2016-10-14'),('14102016-003',15,'2016-10-14','Selesai','Lunas','Diterima','2016-10-14','2016-10-14'),('14102016-004',16,'2016-10-14','Selesai','Lunas','Diterima','2016-10-14','2016-10-14'),('14102016-005',16,'2016-10-14','Selesai','Lunas','Diterima','2016-10-14','2016-10-14'),('14102016-006',16,'2016-10-14','Selesai','Lunas','Diterima','2016-10-14','2016-10-14'),('14102016-007',15,'2016-10-14','Selesai','Lunas','Diterima','2016-10-14','2016-10-14'),('14102016-008',60,'2016-10-14','Selesai','Lunas','Diterima','2016-10-14','2016-10-14'),('14102016-009',87,'2016-10-14','Selesai','Lunas','Diterima','2016-10-14','2016-10-14'),('14102016-010',104,'2016-10-14','Selesai','Lunas','Diterima','2016-10-14','2016-10-14'),('14102016-011',124,'2016-10-14','Selesai','Belum Lunas','Diterima','2016-10-14','2016-10-14'),('14102016-012',148,'2016-10-14','Selesai','Lunas','Diterima','2016-10-14','2016-10-14'),('14102016-013',150,'2016-10-14','Selesai','Lunas','Diterima','2016-10-14','2016-10-14'),('14102016-014',151,'2016-10-14','Selesai','Lunas','Diterima','2016-10-14','2016-10-14'),('14102016-015',59,'2016-10-14','Selesai','Lunas','Diterima','2016-10-14','2016-10-14'),('14102016-016',59,'2016-10-14','Selesai','Lunas','Diterima','2016-10-14','2016-10-14'),('14102016-017',59,'2016-10-14','Selesai','Lunas','Diterima','2016-10-14','2016-10-14'),('14102016-018',59,'2016-10-14','Selesai','Lunas','Diterima','2016-10-14','2016-10-14'),('14102016-019',59,'2016-10-14','Selesai','Lunas','Diterima','2016-10-14','2016-10-14'),('14102016-020',59,'2016-10-14','Selesai','Lunas','Diterima','2016-10-14','2016-10-14'),('14102016-021',59,'2016-10-14','Selesai','Lunas','Diterima','2016-10-14','2016-10-14'),('14102016-022',59,'2016-10-14','Selesai','Lunas','Diterima','2016-10-14','2016-10-14'),('14102016-023',59,'2016-10-14','Selesai','Lunas','Diterima','2016-10-14','2016-10-14'),('14102016-024',63,'2016-10-14','Selesai','Lunas','Diterima','2016-10-14','2016-10-14'),('14112016-001',26,'2016-11-14','Selesai','Lunas','Diterima','2016-11-14','2016-11-14'),('14112016-002',32,'2016-11-14','Selesai','Lunas','Diterima','2016-11-14','2016-11-14'),('14112016-003',16,'2016-11-14','Selesai','Lunas','Diterima','2016-11-14','2016-11-14'),('14122016-001',17,'2016-12-14','Selesai','Lunas','Diterima','2016-12-14','2016-12-14'),('14122016-002',29,'2016-12-14','Selesai','Lunas','Diterima','2016-12-14','2016-12-14'),('14122016-003',139,'2016-12-14','Selesai','Lunas','Diterima','2016-12-14','2016-12-14'),('14122016-004',191,'2016-12-14','Selesai','Lunas','Diterima','2016-12-14','2016-12-14'),('15062016-001',18,'2016-06-15','Selesai','Lunas','Diterima','2016-06-15','2016-06-15'),('15062016-002',21,'2016-06-15','Selesai','Lunas','Diterima','2016-06-15','2016-06-15'),('15062016-003',15,'2016-06-15','Selesai','Lunas','Diterima','2016-06-15','2016-06-15'),('15062016-004',42,'2016-06-15','Selesai','Lunas','Diterima','2016-06-15','2016-06-15'),('15062016-005',71,'2016-06-15','Selesai','Lunas','Diterima','2016-06-15','2016-06-15'),('15062016-006',84,'2016-06-15','Selesai','Lunas','Diterima','2016-06-15','2016-06-15'),('15072016-001',12,'2016-07-15','Selesai','Lunas','Diterima','2016-07-15','2016-07-15'),('15072016-002',61,'2016-07-15','Selesai','Lunas','Diterima','2016-07-15','2016-07-15'),('15072016-003',69,'2016-07-15','Selesai','Lunas','Diterima','2016-07-15','2016-07-15'),('15072016-004',59,'2016-07-15','Selesai','Lunas','Diterima','2016-07-15','2016-07-15'),('15072016-005',22,'2016-07-15','Selesai','Lunas','Diterima','2016-07-15','2016-07-15'),('15072017-001',56,'2017-07-15','Selesai','Lunas','Diterima','2017-07-15','2017-07-15'),('15082016-001',12,'2016-08-15','Selesai','Lunas','Diterima','2016-08-15','2016-08-15'),('15082016-002',16,'2016-08-15','Selesai','Lunas','Diterima','2016-08-15','2016-08-15'),('15082016-003',16,'2016-08-15','Selesai','Lunas','Diterima','2016-08-15','2016-08-15'),('15092016-001',4,'2016-09-15','Selesai','Lunas','Diterima','2016-09-15','2016-09-15'),('15092016-002',6,'2016-09-15','Selesai','Lunas','Diterima','2016-09-15','2016-09-15'),('15092016-003',7,'2016-09-15','Selesai','Lunas','Diterima','2016-09-15','2016-09-15'),('15092016-004',7,'2016-09-15','Selesai','Lunas','Diterima','2016-09-15','2016-09-15'),('15092016-005',16,'2016-09-15','Selesai','Lunas','Diterima','2016-09-15','2016-09-15'),('15092016-006',16,'2016-09-15','Selesai','Lunas','Diterima','2016-09-15','2016-09-15'),('15092016-007',93,'2016-09-15','Selesai','Lunas','Diterima','2016-09-15','2016-09-15'),('15092016-008',98,'2016-09-15','Selesai','Lunas','Diterima','2016-09-15','2016-09-15'),('15102016-001',22,'2016-10-15','Selesai','Lunas','Diterima','2016-10-15','2016-10-15'),('15102016-002',110,'2016-10-15','Selesai','Lunas','Diterima','2016-10-15','2016-10-15'),('15102016-003',152,'2016-10-15','Selesai','Lunas','Diterima','2016-10-15','2016-10-15'),('15102016-004',56,'2016-10-15','Selesai','Lunas','Diterima','2016-10-15','2016-10-15'),('15102016-005',56,'2016-10-15','Selesai','Lunas','Diterima','2016-10-15','2016-10-15'),('15112016-001',15,'2016-11-15','Selesai','Lunas','Diterima','2016-11-15','2016-11-15'),('15112016-002',20,'2016-11-15','Selesai','Lunas','Diterima','2016-11-15','2016-11-15'),('15112016-003',16,'2016-11-15','Selesai','Lunas','Diterima','2016-11-15','2016-11-15'),('15112016-004',35,'2016-11-15','Selesai','Lunas','Diterima','2016-11-15','2016-11-15'),('15112016-005',168,'2016-11-15','Selesai','Lunas','Diterima','2016-11-15','2016-11-15'),('15122016-001',72,'2016-12-15','Selesai','Lunas','Diterima','2016-12-15','2016-12-15'),('15122016-002',169,'2016-12-15','Selesai','Lunas','Diterima','2016-12-15','2016-12-15'),('15122016-003',153,'2016-12-15','Selesai','Lunas','Diterima','2016-12-15','2016-12-15'),('16062016-001',7,'2016-06-16','Selesai','Lunas','Diterima','2016-06-16','2016-06-16'),('16062016-002',7,'2016-06-16','Selesai','Lunas','Diterima','2016-06-16','2016-06-16'),('16062016-003',21,'2016-06-16','Selesai','Lunas','Diterima','2016-06-16','2016-06-16'),('16062016-004',16,'2016-06-16','Selesai','Lunas','Diterima','2016-06-16','2016-06-16'),('16062016-005',82,'2016-06-16','Selesai','Lunas','Diterima','2016-06-16','2016-06-16'),('16072016-001',4,'2016-07-16','Selesai','Lunas','Diterima','2016-07-16','2016-07-16'),('16072016-002',21,'2016-07-16','Selesai','Lunas','Diterima','2016-07-16','2016-07-16'),('16072016-003',56,'2016-07-16','Selesai','Lunas','Diterima','2016-07-16','2016-07-16'),('16082016-001',16,'2016-08-16','Selesai','Lunas','Diterima','2016-08-16','2016-08-16'),('16082016-002',43,'2016-08-16','Selesai','Lunas','Diterima','2016-08-16','2016-08-16'),('16082016-003',101,'2016-08-16','Selesai','Lunas','Diterima','2016-08-16','2016-08-16'),('16092016-001',7,'2016-09-16','Selesai','Lunas','Diterima','2016-09-16','2016-09-16'),('16092016-002',15,'2016-09-16','Selesai','Lunas','Diterima','2016-09-16','2016-09-16'),('16092016-003',41,'2016-09-16','Selesai','Lunas','Diterima','2016-09-16','2016-09-16'),('16092016-004',56,'2016-09-16','Selesai','Lunas','Diterima','2016-09-16','2016-09-16'),('16102016-001',5,'2016-10-16','Selesai','Lunas','Diterima','2016-10-16','2016-10-16'),('16112016-001',7,'2016-11-16','Selesai','Lunas','Diterima','2016-11-16','2016-11-16'),('16112016-002',16,'2016-11-16','Selesai','Lunas','Diterima','2016-11-16','2016-11-16'),('16112016-003',16,'2016-11-16','Selesai','Lunas','Diterima','2016-11-16','2016-11-16'),('16112016-004',35,'2016-11-16','Selesai','Lunas','Diterima','2016-11-16','2016-11-16'),('16112016-005',35,'2016-11-16','Selesai','Lunas','Diterima','2016-11-16','2016-11-16'),('16112016-006',56,'2016-11-16','Selesai','Lunas','Diterima','2016-11-16','2016-11-16'),('16112016-007',100,'2016-11-16','Selesai','Lunas','Diterima','2016-11-16','2016-11-16'),('16112016-008',111,'2016-11-16','Selesai','Lunas','Diterima','2016-11-16','2016-11-16'),('16122016-001',59,'2016-12-16','Selesai','Lunas','Diterima','2016-12-16','2016-12-16'),('16122016-002',59,'2016-12-16','Selesai','Lunas','Diterima','2016-12-16','2016-12-16'),('16122016-003',59,'2016-12-16','Selesai','Lunas','Diterima','2016-12-16','2016-12-16'),('16122016-004',59,'2016-12-16','Selesai','Lunas','Diterima','2016-12-16','2016-12-16'),('17052017-001',102,'2017-05-17','Selesai','Lunas','Diterima','2017-05-17','2017-05-17'),('17052017-002',102,'2017-05-17','Selesai','Lunas','Diterima','2017-05-17','2017-05-17'),('17062016-001',35,'2016-06-17','Selesai','Lunas','Diterima','2016-06-17','2016-06-17'),('17062016-002',61,'2016-06-17','Selesai','Lunas','Diterima','2016-06-17','2016-06-17'),('17062017-001',120,'2017-06-17','Selesai','Lunas','Diterima','2017-06-17','2017-06-17'),('17082016-001',7,'2016-08-17','Selesai','Lunas','Diterima','2016-08-17','2016-08-17'),('17082016-002',12,'2016-08-17','Selesai','Lunas','Diterima','2016-08-17','2016-08-17'),('17082016-003',12,'2016-08-17','Selesai','Lunas','Diterima','2016-08-17','2016-08-17'),('17082016-004',59,'2016-08-17','Selesai','Lunas','Diterima','2016-08-17','2016-08-17'),('17092016-001',129,'2016-09-17','Selesai','Lunas','Diterima','2016-09-17','2016-09-17'),('17092016-002',56,'2016-09-17','Selesai','Lunas','Diterima','2016-09-17','2016-09-17'),('17092016-003',59,'2016-09-17','Selesai','Lunas','Diterima','2016-09-17','2016-09-17'),('17102016-001',4,'2016-10-17','Selesai','Lunas','Diterima','2016-10-17','2016-10-17'),('17102016-002',16,'2016-10-17','Selesai','Lunas','Diterima','2016-10-17','2016-10-17'),('17102016-003',43,'2016-10-17','Selesai','Lunas','Diterima','2016-10-17','2016-10-17'),('17102016-004',153,'2016-10-17','Selesai','Lunas','Diterima','2016-10-17','2016-10-17'),('17102016-005',82,'2016-10-17','Selesai','Lunas','Diterima','2016-10-17','2016-10-17'),('17112016-001',7,'2016-11-17','Selesai','Lunas','Diterima','2016-11-17','2016-11-17'),('17112016-002',7,'2016-11-17','Selesai','Lunas','Diterima','2016-11-17','2016-11-17'),('17112016-003',7,'2016-11-17','Selesai','Lunas','Diterima','2016-11-17','2016-11-17'),('17112016-004',34,'2016-11-17','Selesai','Lunas','Diterima','2016-11-17','2016-11-17'),('17112016-005',35,'2016-11-17','Selesai','Lunas','Diterima','2016-11-17','2016-11-17'),('17112016-006',130,'2016-11-17','Selesai','Lunas','Diterima','2016-11-17','2016-11-17'),('17122016-001',192,'2016-12-17','Selesai','Lunas','Diterima','2016-12-17','2016-12-17'),('17122016-002',184,'2016-12-17','Selesai','Lunas','Diterima','2016-12-17','2016-12-17'),('18062016-001',40,'2016-06-18','Selesai','Lunas','Diterima','2016-06-18','2016-06-18'),('18072016-001',1,'2016-07-18','Selesai','Lunas','Diterima','2016-07-18','2016-07-18'),('18072016-002',15,'2016-07-18','Selesai','Lunas','Diterima','2016-07-18','2016-07-18'),('18072016-003',16,'2016-07-18','Selesai','Lunas','Diterima','2016-07-18','2016-07-18'),('18072016-004',100,'2016-07-18','Selesai','Lunas','Diterima','2016-07-18','2016-07-18'),('18082016-001',3,'2016-08-18','Selesai','Lunas','Diterima','2016-08-18','2016-08-18'),('18082016-002',16,'2016-08-18','Selesai','Lunas','Diterima','2016-08-18','2016-08-18'),('18082016-003',104,'2016-08-18','Selesai','Lunas','Diterima','2016-08-18','2016-08-18'),('18082016-004',59,'2016-08-18','Selesai','Lunas','Diterima','2016-08-18','2016-08-18'),('18082017-001',111,'2017-08-18','Selesai','Lunas','Diterima','2017-08-18','2017-08-18'),('18092016-001',7,'2016-09-18','Selesai','Lunas','Diterima','2016-09-18','2016-09-18'),('18092016-002',111,'2016-09-18','Selesai','Lunas','Diterima','2016-09-18','2016-09-18'),('18102016-001',4,'2016-10-18','Selesai','Lunas','Diterima','2016-10-18','2016-10-18'),('18102016-002',92,'2016-10-18','Selesai','Lunas','Diterima','2016-10-18','2016-10-18'),('18102016-003',114,'2016-10-18','Selesai','Lunas','Diterima','2016-10-18','2016-10-18'),('18102016-004',139,'2016-10-18','Selesai','Lunas','Diterima','2016-10-18','2016-10-18'),('18102016-005',153,'2016-10-18','Selesai','Lunas','Diterima','2016-10-18','2016-10-18'),('18112016-001',32,'2016-11-18','Selesai','Lunas','Diterima','2016-11-18','2016-11-18'),('18112016-002',16,'2016-11-18','Selesai','Lunas','Diterima','2016-11-18','2016-11-18'),('18112016-003',42,'2016-11-18','Selesai','Lunas','Diterima','2016-11-18','2016-11-18'),('18112016-004',169,'2016-11-18','Selesai','Lunas','Diterima','2016-11-18','2016-11-18'),('18112016-005',56,'2016-11-18','Selesai','Lunas','Diterima','2016-11-18','2016-11-18'),('18112016-006',56,'2016-11-18','Selesai','Lunas','Diterima','2016-11-18','2016-11-18'),('19072016-001',4,'2016-07-19','Selesai','Lunas','Diterima','2016-07-19','2016-07-19'),('19082016-001',12,'2016-08-19','Selesai','Lunas','Diterima','2016-08-19','2016-08-19'),('19082016-002',21,'2016-08-19','Selesai','Lunas','Diterima','2016-08-19','2016-08-19'),('19082016-003',56,'2016-08-19','Selesai','Lunas','Diterima','2016-08-19','2016-08-19'),('19082016-004',59,'2016-08-19','Selesai','Lunas','Diterima','2016-08-19','2016-08-19'),('19092016-001',16,'2016-09-19','Selesai','Lunas','Diterima','2016-09-19','2016-09-19'),('19102016-001',15,'2016-10-19','Selesai','Lunas','Diterima','2016-10-19','2016-10-19'),('19102016-002',30,'2016-10-19','Selesai','Lunas','Diterima','2016-10-19','2016-10-19'),('19102016-003',27,'2016-10-19','Selesai','Lunas','Diterima','2016-10-19','2016-10-19'),('19102016-004',154,'2016-10-19','Selesai','Lunas','Diterima','2016-10-19','2016-10-19'),('19102016-005',82,'2016-10-19','Selesai','Lunas','Diterima','2016-10-19','2016-10-19'),('19102016-006',111,'2016-10-19','Selesai','Lunas','Diterima','2016-10-19','2016-10-19'),('19112016-001',7,'2016-11-19','Selesai','Lunas','Diterima','2016-11-19','2016-11-19'),('19112016-002',7,'2016-11-19','Selesai','Lunas','Diterima','2016-11-19','2016-11-19'),('19112016-003',170,'2016-11-19','Selesai','Lunas','Diterima','2016-11-19','2016-11-19'),('19112016-004',172,'2016-11-19','Selesai','Lunas','Diterima','2016-11-19','2016-11-19'),('19122016-001',193,'2016-12-19','Selesai','Lunas','Diterima','2016-12-19','2016-12-19'),('19122016-002',63,'2016-12-19','Selesai','Lunas','Diterima','2016-12-19','2016-12-19'),('19122016-003',63,'2016-12-19','Selesai','Lunas','Diterima','2016-12-19','2016-12-19'),('19122016-004',63,'2016-12-19','Selesai','Lunas','Diterima','2016-12-19','2016-12-19'),('19122016-005',63,'2016-12-19','Selesai','Lunas','Diterima','2016-12-19','2016-12-19'),('20062016-001',21,'2016-06-20','Selesai','Lunas','Diterima','2016-06-20','2016-06-20'),('20062016-002',16,'2016-06-20','Selesai','Lunas','Diterima','2016-06-20','2016-06-20'),('20062016-003',44,'2016-06-20','Selesai','Lunas','Diterima','2016-06-20','2016-06-20'),('20072016-001',3,'2016-07-20','Selesai','Lunas','Diterima','2016-07-20','2016-07-20'),('20072016-002',4,'2016-07-20','Selesai','Lunas','Diterima','2016-07-20','2016-07-20'),('20072016-003',35,'2016-07-20','Selesai','Lunas','Diterima','2016-07-20','2016-07-20'),('20082016-001',21,'2016-08-20','Selesai','Lunas','Diterima','2016-08-20','2016-08-20'),('20082016-002',56,'2016-08-20','Selesai','Lunas','Diterima','2016-08-20','2016-08-20'),('20082016-003',56,'2016-08-20','Selesai','Lunas','Diterima','2016-08-20','2016-08-20'),('20092016-001',7,'2016-09-20','Selesai','Lunas','Diterima','2016-09-20','2016-09-20'),('20092016-002',7,'2016-09-20','Selesai','Lunas','Diterima','2016-09-20','2016-09-20'),('20092016-003',14,'2016-09-20','Selesai','Lunas','Diterima','2016-09-20','2016-09-20'),('20092016-004',16,'2016-09-20','Selesai','Lunas','Diterima','2016-09-20','2016-09-20'),('20102016-001',16,'2016-10-20','Selesai','Lunas','Diterima','2016-10-20','2016-10-20'),('20102016-002',16,'2016-10-20','Selesai','Lunas','Diterima','2016-10-20','2016-10-20'),('20102016-003',35,'2016-10-20','Selesai','Lunas','Diterima','2016-10-20','2016-10-20'),('20102016-004',15,'2016-10-20','Selesai','Lunas','Diterima','2016-10-20','2016-10-20'),('20102016-005',115,'2016-10-20','Selesai','Lunas','Diterima','2016-10-20','2016-10-20'),('20102017-001',111,'2017-10-20','Selesai','Lunas','Diterima','2017-10-20','2017-10-20'),('20122016-001',17,'2016-12-20','Selesai','Lunas','Diterima','2016-12-20','2016-12-20'),('20122016-002',68,'2016-12-20','Selesai','Lunas','Diterima','2016-12-20','2016-12-20'),('20122016-003',143,'2016-12-20','Selesai','Lunas','Diterima','2016-12-20','2016-12-20'),('20122016-004',143,'2016-12-20','Selesai','Lunas','Diterima','2016-12-20','2016-12-20'),('21062016-001',45,'2016-06-21','Selesai','Lunas','Diterima','2016-06-21','2016-06-21'),('21072016-001',16,'2016-07-21','Selesai','Lunas','Diterima','2016-07-21','2016-07-21'),('21072016-002',47,'2016-07-21','Selesai','Lunas','Diterima','2016-07-21','2016-07-21'),('21072016-003',59,'2016-07-21','Selesai','Lunas','Diterima','2016-07-21','2016-07-21'),('21072016-004',111,'2016-07-21','Selesai','Lunas','Diterima','2016-07-21','2016-07-21'),('21082016-001',3,'2016-08-21','Selesai','Lunas','Diterima','2016-08-21','2016-08-21'),('21082016-002',21,'2016-08-21','Selesai','Lunas','Diterima','2016-08-21','2016-08-21'),('21082016-003',56,'2016-08-21','Selesai','Lunas','Diterima','2016-08-21','2016-08-21'),('21082016-004',100,'2016-08-21','Selesai','Lunas','Diterima','2016-08-21','2016-08-21'),('21092016-001',12,'2016-09-21','Selesai','Lunas','Diterima','2016-09-21','2016-09-21'),('21092016-002',15,'2016-09-21','Selesai','Lunas','Diterima','2016-09-21','2016-09-21'),('21092016-003',111,'2016-09-21','Selesai','Lunas','Diterima','2016-09-21','2016-09-21'),('21092016-004',111,'2016-09-21','Selesai','Lunas','Diterima','2016-09-21','2016-09-21'),('21102016-001',33,'2016-10-21','Selesai','Lunas','Diterima','2016-10-21','2016-10-21'),('21102016-002',16,'2016-10-21','Selesai','Lunas','Diterima','2016-10-21','2016-10-21'),('21102016-003',35,'2016-10-21','Selesai','Lunas','Diterima','2016-10-21','2016-10-21'),('21102016-004',108,'2016-10-21','Selesai','Lunas','Diterima','2016-10-21','2016-10-21'),('21102016-005',100,'2016-10-21','Selesai','Lunas','Diterima','2016-10-21','2016-10-21'),('21102016-006',100,'2016-10-21','Selesai','Lunas','Diterima','2016-10-21','2016-10-21'),('21102016-007',100,'2016-10-21','Selesai','Lunas','Diterima','2016-10-21','2016-10-21'),('21102016-008',100,'2016-10-21','Selesai','Lunas','Diterima','2016-10-21','2016-10-21'),('21102016-009',100,'2016-10-21','Selesai','Lunas','Diterima','2016-10-21','2016-10-21'),('21102016-010',100,'2016-10-21','Selesai','Lunas','Diterima','2016-10-21','2016-10-21'),('21102016-011',100,'2016-10-21','Selesai','Lunas','Diterima','2016-10-21','2016-10-21'),('21102016-012',100,'2016-10-21','Selesai','Lunas','Diterima','2016-10-21','2016-10-21'),('21102016-013',100,'2016-10-21','Selesai','Lunas','Diterima','2016-10-21','2016-10-21'),('21102016-014',100,'2016-10-21','Selesai','Lunas','Diterima','2016-10-21','2016-10-21'),('21102016-015',100,'2016-10-21','Selesai','Lunas','Diterima','2016-10-21','2016-10-21'),('21102016-016',100,'2016-10-21','Selesai','Lunas','Diterima','2016-10-21','2016-10-21'),('21102016-017',100,'2016-10-21','Selesai','Lunas','Diterima','2016-10-21','2016-10-21'),('21102016-018',100,'2016-10-21','Selesai','Lunas','Diterima','2016-10-21','2016-10-21'),('21102016-019',111,'2016-10-21','Selesai','Lunas','Diterima','2016-10-21','2016-10-21'),('21102016-020',111,'2016-10-21','Selesai','Lunas','Diterima','2016-10-21','2016-10-21'),('21102016-021',111,'2016-10-21','Selesai','Lunas','Diterima','2016-10-21','2016-10-21'),('21112016-001',15,'2016-11-21','Selesai','Lunas','Diterima','2016-11-21','2016-11-21'),('21112016-002',20,'2016-11-21','Selesai','Lunas','Diterima','2016-11-21','2016-11-21'),('21112016-003',32,'2016-11-21','Selesai','Lunas','Diterima','2016-11-21','2016-11-21'),('21112016-004',16,'2016-11-21','Selesai','Lunas','Diterima','2016-11-21','2016-11-21'),('21112016-005',127,'2016-11-21','Selesai','Lunas','Diterima','2016-11-21','2016-11-21'),('21112016-006',173,'2016-11-21','Selesai','Lunas','Diterima','2016-11-21','2016-11-21'),('21122016-001',180,'2016-12-21','Selesai','Lunas','Diterima','2016-12-21','2016-12-21'),('21122016-002',111,'2016-12-21','Selesai','Lunas','Diterima','2016-12-21','2016-12-21'),('22062016-001',48,'2016-06-22','Selesai','Lunas','Diterima','2016-06-22','2016-06-22'),('22072016-001',11,'2016-07-22','Selesai','Lunas','Diterima','2016-07-22','2016-07-22'),('22072016-002',15,'2016-07-22','Selesai','Lunas','Diterima','2016-07-22','2016-07-22'),('22072016-003',16,'2016-07-22','Selesai','Lunas','Diterima','2016-07-22','2016-07-22'),('22072016-004',16,'2016-07-22','Selesai','Lunas','Diterima','2016-07-22','2016-07-22'),('22072016-005',79,'2016-07-22','Selesai','Lunas','Diterima','2016-07-22','2016-07-22'),('22072016-006',59,'2016-07-22','Selesai','Lunas','Diterima','2016-07-22','2016-07-22'),('22072016-007',100,'2016-07-22','Selesai','Lunas','Diterima','2016-07-22','2016-07-22'),('22072016-008',100,'2016-07-22','Selesai','Lunas','Diterima','2016-07-22','2016-07-22'),('22072016-009',111,'2016-07-22','Selesai','Lunas','Diterima','2016-07-22','2016-07-22'),('22082016-001',12,'2016-08-22','Selesai','Lunas','Diterima','2016-08-22','2016-08-22'),('22082016-002',16,'2016-08-22','Selesai','Lunas','Diterima','2016-08-22','2016-08-22'),('22092016-001',15,'2016-09-22','Selesai','Lunas','Diterima','2016-09-22','2016-09-22'),('22092016-002',16,'2016-09-22','Selesai','Lunas','Diterima','2016-09-22','2016-09-22'),('22092016-003',16,'2016-09-22','Selesai','Lunas','Diterima','2016-09-22','2016-09-22'),('22092016-004',56,'2016-09-22','Selesai','Lunas','Diterima','2016-09-22','2016-09-22'),('22092016-005',111,'2016-09-22','Selesai','Lunas','Diterima','2016-09-22','2016-09-22'),('22112016-001',7,'2016-11-22','Selesai','Lunas','Diterima','2016-11-22','2016-11-22'),('22112016-002',174,'2016-11-22','Selesai','Lunas','Diterima','2016-11-22','2016-11-22'),('22112016-003',59,'2016-11-22','Selesai','Lunas','Diterima','2016-11-22','2016-11-22'),('22122016-001',194,'2016-12-22','Selesai','Lunas','Diterima','2016-12-22','2016-12-22'),('23062016-001',18,'2016-06-23','Selesai','Lunas','Diterima','2016-06-23','2016-06-23'),('23062016-002',16,'2016-06-23','Selesai','Lunas','Diterima','2016-06-23','2016-06-23'),('23072016-001',35,'2016-07-23','Selesai','Lunas','Diterima','2016-07-23','2016-07-23'),('23072016-002',41,'2016-07-23','Selesai','Lunas','Diterima','2016-07-23','2016-07-23'),('23072016-003',77,'2016-07-23','Selesai','Lunas','Diterima','2016-07-23','2016-07-23'),('23082016-001',4,'2016-08-23','Selesai','Lunas','Diterima','2016-08-23','2016-08-23'),('23082016-002',21,'2016-08-23','Selesai','Lunas','Diterima','2016-08-23','2016-08-23'),('23082016-003',68,'2016-08-23','Selesai','Lunas','Diterima','2016-08-23','2016-08-23'),('23092016-001',7,'2016-09-23','Selesai','Lunas','Diterima','2016-09-23','2016-09-23'),('23092016-002',16,'2016-09-23','Selesai','Lunas','Diterima','2016-09-23','2016-09-23'),('23112016-001',7,'2016-11-23','Selesai','Lunas','Diterima','2016-11-23','2016-11-23'),('23112016-002',20,'2016-11-23','Selesai','Lunas','Diterima','2016-11-23','2016-11-23'),('23112016-003',22,'2016-11-23','Selesai','Lunas','Diterima','2016-11-23','2016-11-23'),('23112016-004',22,'2016-11-23','Selesai','Lunas','Diterima','2016-11-23','2016-11-23'),('23112016-005',16,'2016-11-23','Selesai','Lunas','Diterima','2016-11-23','2016-11-23'),('23112016-006',16,'2016-11-23','Selesai','Lunas','Diterima','2016-11-23','2016-11-23'),('23112016-007',35,'2016-11-23','Selesai','Lunas','Diterima','2016-11-23','2016-11-23'),('23112016-008',126,'2016-11-23','Selesai','Lunas','Diterima','2016-11-23','2016-11-23'),('23112016-009',175,'2016-11-23','Selesai','Lunas','Diterima','2016-11-23','2016-11-23'),('23112016-010',59,'2016-11-23','Selesai','Lunas','Diterima','2016-11-23','2016-11-23'),('23122016-001',195,'2016-12-23','Selesai','Lunas','Diterima','2016-12-23','2016-12-23'),('23122016-002',59,'2016-12-23','Selesai','Lunas','Diterima','2016-12-23','2016-12-23'),('23122016-003',59,'2016-12-23','Selesai','Lunas','Diterima','2016-12-23','2016-12-23'),('24062016-001',34,'2016-06-24','Selesai','Lunas','Diterima','2016-06-24','2016-06-24'),('24062016-002',111,'2016-06-24','Selesai','Lunas','Diterima','2016-06-24','2016-06-24'),('24072016-001',16,'2016-07-24','Selesai','Lunas','Diterima','2016-07-24','2016-07-24'),('24082016-001',11,'2016-08-24','Selesai','Lunas','Diterima','2016-08-24','2016-08-24'),('24082016-002',56,'2016-08-24','Selesai','Lunas','Diterima','2016-08-24','2016-08-24'),('24082016-003',111,'2016-08-24','Selesai','Lunas','Diterima','2016-08-24','2016-08-24'),('24092016-001',35,'2016-09-24','Selesai','Lunas','Diterima','2016-09-24','2016-09-24'),('24092016-002',109,'2016-09-24','Selesai','Lunas','Diterima','2016-09-24','2016-09-24'),('24092016-003',133,'2016-09-24','Selesai','Lunas','Diterima','2016-09-24','2016-09-24'),('24092016-004',133,'2016-09-24','Selesai','Lunas','Diterima','2016-09-24','2016-09-24'),('24092016-005',133,'2016-09-24','Selesai','Lunas','Diterima','2016-09-24','2016-09-24'),('24092016-006',133,'2016-09-24','Selesai','Lunas','Diterima','2016-09-24','2016-09-24'),('24092016-007',133,'2016-09-24','Selesai','Lunas','Diterima','2016-09-24','2016-09-24'),('24092016-008',111,'2016-09-24','Selesai','Lunas','Diterima','2016-09-24','2016-09-24'),('24102016-001',33,'2016-10-24','Selesai','Lunas','Diterima','2016-10-24','2016-10-24'),('24102016-002',155,'2016-10-24','Selesai','Lunas','Diterima','2016-10-24','2016-10-24'),('24112016-001',22,'2016-11-24','Selesai','Lunas','Diterima','2016-11-24','2016-11-24'),('24112016-002',22,'2016-11-24','Selesai','Lunas','Diterima','2016-11-24','2016-11-24'),('24112016-003',16,'2016-11-24','Selesai','Lunas','Diterima','2016-11-24','2016-11-24'),('24112016-004',16,'2016-11-24','Selesai','Lunas','Diterima','2016-11-24','2016-11-24'),('25062016-001',54,'2016-06-25','Selesai','Lunas','Diterima','2016-06-25','2016-06-25'),('25072016-001',16,'2016-07-25','Selesai','Lunas','Diterima','2016-07-25','2016-07-25'),('25072016-002',78,'2016-07-25','Selesai','Lunas','Diterima','2016-07-25','2016-07-25'),('25082016-001',5,'2016-08-25','Selesai','Lunas','Diterima','2016-08-25','2016-08-25'),('25082016-002',16,'2016-08-25','Selesai','Lunas','Diterima','2016-08-25','2016-08-25'),('25082016-003',79,'2016-08-25','Selesai','Lunas','Diterima','2016-08-25','2016-08-25'),('25082016-004',91,'2016-08-25','Selesai','Lunas','Diterima','2016-08-25','2016-08-25'),('25082016-005',95,'2016-08-25','Selesai','Lunas','Diterima','2016-08-25','2016-08-25'),('25082016-006',59,'2016-08-25','Selesai','Lunas','Diterima','2016-08-25','2016-08-25'),('25082016-007',111,'2016-08-25','Selesai','Lunas','Diterima','2016-08-25','2016-08-25'),('25092016-001',4,'2016-09-25','Selesai','Lunas','Diterima','2016-09-25','2016-09-25'),('25102016-001',4,'2016-10-25','Selesai','Lunas','Diterima','2016-10-25','2016-10-25'),('25102016-002',16,'2016-10-25','Selesai','Lunas','Diterima','2016-10-25','2016-10-25'),('25102016-003',156,'2016-10-25','Selesai','Lunas','Diterima','2016-10-25','2016-10-25'),('25112016-001',16,'2016-11-25','Selesai','Lunas','Diterima','2016-11-25','2016-11-25'),('25112016-002',15,'2016-11-25','Selesai','Lunas','Diterima','2016-11-25','2016-11-25'),('25112016-003',131,'2016-11-25','Selesai','Lunas','Diterima','2016-11-25','2016-11-25'),('26062016-001',54,'2016-06-26','Selesai','Lunas','Diterima','2016-06-26','2016-06-26'),('26082016-001',7,'2016-08-26','Selesai','Lunas','Diterima','2016-08-26','2016-08-26'),('26082016-002',12,'2016-08-26','Selesai','Lunas','Diterima','2016-08-26','2016-08-26'),('26082016-003',21,'2016-08-26','Selesai','Lunas','Diterima','2016-08-26','2016-08-26'),('26082016-004',62,'2016-08-26','Selesai','Lunas','Diterima','2016-08-26','2016-08-26'),('26092016-001',1,'2016-09-26','Dalam Proses','Lunas','Dibatalkan','2016-09-26','2016-09-26'),('26092016-002',15,'2016-09-26','Selesai','Lunas','Diterima','2016-09-26','2016-09-26'),('26092016-003',42,'2016-09-26','Selesai','Lunas','Diterima','2016-09-26','2016-09-26'),('26092016-004',107,'2016-09-26','Selesai','Lunas','Diterima','2016-09-26','2016-09-26'),('26102016-001',14,'2016-10-26','Selesai','Lunas','Diterima','2016-10-26','2016-10-26'),('26102016-002',16,'2016-10-26','Selesai','Lunas','Diterima','2016-10-26','2016-10-26'),('26102016-003',16,'2016-10-26','Selesai','Lunas','Diterima','2016-10-26','2016-10-26'),('26102016-004',70,'2016-10-26','Selesai','Lunas','Diterima','2016-10-26','2016-10-26'),('26112016-001',176,'2016-11-26','Selesai','Lunas','Diterima','2016-11-26','2016-11-26'),('26112016-002',177,'2016-11-26','Selesai','Lunas','Diterima','2016-11-26','2016-11-26'),('26112016-003',56,'2016-11-26','Selesai','Lunas','Diterima','2016-11-26','2016-11-26'),('26112016-004',56,'2016-11-26','Selesai','Lunas','Diterima','2016-11-26','2016-11-26'),('26122016-001',171,'2016-12-26','Selesai','Lunas','Diterima','2016-12-26','2016-12-26'),('26122016-002',171,'2016-12-26','Selesai','Lunas','Diterima','2016-12-26','2016-12-26'),('27062016-001',66,'2016-06-27','Selesai','Lunas','Diterima','2016-06-27','2016-06-27'),('27062016-002',59,'2016-06-27','Selesai','Lunas','Diterima','2016-06-27','2016-06-27'),('27072016-001',4,'2016-07-27','Selesai','Lunas','Diterima','2016-07-27','2016-07-27'),('27072016-002',5,'2016-07-27','Selesai','Lunas','Diterima','2016-07-27','2016-07-27'),('27082016-001',7,'2016-08-27','Selesai','Lunas','Diterima','2016-08-27','2016-08-27'),('27082016-002',16,'2016-08-27','Selesai','Lunas','Diterima','2016-08-27','2016-08-27'),('27082016-003',35,'2016-08-27','Selesai','Lunas','Diterima','2016-08-27','2016-08-27'),('27082016-004',80,'2016-08-27','Selesai','Lunas','Diterima','2016-08-27','2016-08-27'),('27082016-005',56,'2016-08-27','Selesai','Lunas','Diterima','2016-08-27','2016-08-27'),('27082016-006',56,'2016-08-27','Selesai','Lunas','Diterima','2016-08-27','2016-08-27'),('27092016-001',33,'2016-09-27','Selesai','Lunas','Diterima','2016-09-27','2016-09-27'),('27092016-002',35,'2016-09-27','Selesai','Lunas','Diterima','2016-09-27','2016-09-27'),('27092016-003',36,'2016-09-27','Selesai','Lunas','Diterima','2016-09-27','2016-09-27'),('27092016-004',42,'2016-09-27','Selesai','Lunas','Diterima','2016-09-27','2016-09-27'),('27092016-005',42,'2016-09-27','Selesai','Lunas','Diterima','2016-09-27','2016-09-27'),('27092016-006',53,'2016-09-27','Selesai','Lunas','Diterima','2016-09-27','2016-09-27'),('27092016-007',75,'2016-09-27','Selesai','Lunas','Diterima','2016-09-27','2016-09-27'),('27092016-008',134,'2016-09-27','Selesai','Lunas','Diterima','2016-09-27','2016-09-27'),('27092016-009',111,'2016-09-27','Selesai','Lunas','Diterima','2016-09-27','2016-09-27'),('27102016-001',5,'2016-10-27','Selesai','Lunas','Diterima','2016-10-27','2016-10-27'),('27102016-002',30,'2016-10-27','Selesai','Lunas','Diterima','2016-10-27','2016-10-27'),('27102016-003',27,'2016-10-27','Selesai','Lunas','Diterima','2016-10-27','2016-10-27'),('27102016-004',157,'2016-10-27','Selesai','Lunas','Diterima','2016-10-27','2016-10-27'),('27102016-005',59,'2016-10-27','Selesai','Lunas','Diterima','2016-10-27','2016-10-27'),('27102016-006',59,'2016-10-27','Selesai','Lunas','Diterima','2016-10-27','2016-10-27'),('27102016-007',59,'2016-10-27','Selesai','Lunas','Diterima','2016-10-27','2016-10-27'),('27102016-008',111,'2016-10-27','Selesai','Lunas','Diterima','2016-10-27','2016-10-27'),('27112016-001',20,'2016-11-27','Selesai','Lunas','Diterima','2016-11-27','2016-11-27'),('27122016-001',136,'2016-12-27','Selesai','Lunas','Diterima','2016-12-27','2016-12-27'),('28062016-001',21,'2016-06-28','Selesai','Lunas','Diterima','2016-06-28','2016-06-28'),('28062016-002',15,'2016-06-28','Selesai','Lunas','Diterima','2016-06-28','2016-06-28'),('28062016-003',54,'2016-06-28','Selesai','Lunas','Diterima','2016-06-28','2016-06-28'),('28062016-004',100,'2016-06-28','Selesai','Lunas','Diterima','2016-06-28','2016-06-28'),('28072016-001',3,'2016-07-28','Selesai','Lunas','Diterima','2016-07-28','2016-07-28'),('28072016-002',83,'2016-07-28','Selesai','Lunas','Diterima','2016-07-28','2016-07-28'),('28092016-001',35,'2016-09-28','Selesai','Lunas','Diterima','2016-09-28','2016-09-28'),('28092016-002',15,'2016-09-28','Selesai','Lunas','Diterima','2016-09-28','2016-09-28'),('28092016-003',15,'2016-09-28','Selesai','Lunas','Diterima','2016-09-28','2016-09-28'),('28092016-004',43,'2016-09-28','Selesai','Lunas','Diterima','2016-09-28','2016-09-28'),('28092016-005',62,'2016-09-28','Selesai','Lunas','Diterima','2016-09-28','2016-09-28'),('28092016-006',72,'2016-09-28','Selesai','Lunas','Diterima','2016-09-28','2016-09-28'),('28092016-007',134,'2016-09-28','Selesai','Lunas','Diterima','2016-09-28','2016-09-28'),('28092016-008',59,'2016-09-28','Selesai','Lunas','Diterima','2016-09-28','2016-09-28'),('28102016-001',15,'2016-10-28','Selesai','Lunas','Diterima','2016-10-28','2016-10-28'),('28102016-002',62,'2016-10-28','Selesai','Lunas','Diterima','2016-10-28','2016-10-28'),('28102016-003',117,'2016-10-28','Selesai','Lunas','Diterima','2016-10-28','2016-10-28'),('28102016-004',56,'2016-10-28','Selesai','Lunas','Diterima','2016-10-28','2016-10-28'),('28102016-005',111,'2016-10-28','Selesai','Lunas','Diterima','2016-10-28','2016-10-28'),('28112016-001',152,'2016-11-28','Selesai','Lunas','Diterima','2016-11-28','2016-11-28'),('28112016-002',160,'2016-11-28','Selesai','Lunas','Diterima','2016-11-28','2016-11-28'),('28112016-003',178,'2016-11-28','Selesai','Lunas','Diterima','2016-11-28','2016-11-28'),('28112016-004',179,'2016-11-28','Selesai','Lunas','Diterima','2016-11-28','2016-11-28'),('28122016-001',19,'2016-12-28','Selesai','Lunas','Diterima','2016-12-28','2016-12-28'),('28122016-002',22,'2016-12-28','Selesai','Lunas','Diterima','2016-12-28','2016-12-28'),('28122016-003',197,'2016-12-28','Selesai','Lunas','Diterima','2016-12-28','2016-12-28'),('28122016-004',63,'2016-12-28','Selesai','Lunas','Diterima','2016-12-28','2016-12-28'),('28122016-005',171,'2016-12-28','Selesai','Lunas','Diterima','2016-12-28','2016-12-28'),('29062016-001',15,'2016-06-29','Selesai','Lunas','Diterima','2016-06-29','2016-06-29'),('29062016-002',72,'2016-06-29','Selesai','Lunas','Diterima','2016-06-29','2016-06-29'),('29062016-003',94,'2016-06-29','Selesai','Lunas','Diterima','2016-06-29','2016-06-29'),('29062016-004',59,'2016-06-29','Selesai','Lunas','Diterima','2016-06-29','2016-06-29'),('29062016-005',59,'2016-06-29','Selesai','Lunas','Diterima','2016-06-29','2016-06-29'),('29072016-001',35,'2016-07-29','Selesai','Lunas','Diterima','2016-07-29','2016-07-29'),('29072016-002',111,'2016-07-29','Selesai','Lunas','Diterima','2016-07-29','2016-07-29'),('29082016-001',84,'2016-08-29','Selesai','Lunas','Diterima','2016-08-29','2016-08-29'),('29082016-002',59,'2016-08-29','Selesai','Lunas','Diterima','2016-08-29','2016-08-29'),('29082016-003',59,'2016-08-29','Selesai','Lunas','Diterima','2016-08-29','2016-08-29'),('29082016-004',59,'2016-08-29','Selesai','Lunas','Diterima','2016-08-29','2016-08-29'),('29082016-005',100,'2016-08-29','Selesai','Lunas','Diterima','2016-08-29','2016-08-29'),('29092016-001',15,'2016-09-29','Selesai','Lunas','Diterima','2016-09-29','2016-09-29'),('29092016-002',27,'2016-09-29','Selesai','Lunas','Diterima','2016-09-29','2016-09-29'),('29092016-003',27,'2016-09-29','Selesai','Lunas','Diterima','2016-09-29','2016-09-29'),('29092016-004',73,'2016-09-29','Selesai','Lunas','Diterima','2016-09-29','2016-09-29'),('29102016-001',27,'2016-10-29','Selesai','Lunas','Diterima','2016-10-29','2016-10-29'),('29102016-002',59,'2016-10-29','Selesai','Lunas','Diterima','2016-10-29','2016-10-29'),('29102016-003',59,'2016-10-29','Selesai','Lunas','Diterima','2016-10-29','2016-10-29'),('29102016-004',59,'2016-10-29','Selesai','Lunas','Diterima','2016-10-29','2016-10-29'),('29102016-005',111,'2016-10-29','Selesai','Lunas','Diterima','2016-10-29','2016-10-29'),('29112016-001',5,'2016-11-29','Selesai','Lunas','Diterima','2016-11-29','2016-11-29'),('29112016-002',51,'2016-11-29','Selesai','Lunas','Diterima','2016-11-29','2016-11-29'),('29112016-003',180,'2016-11-29','Selesai','Lunas','Diterima','2016-11-29','2016-11-29'),('29122016-001',22,'2016-12-29','Selesai','Lunas','Diterima','2016-12-29','2016-12-29'),('30062016-001',11,'2016-06-30','Selesai','Lunas','Diterima','2016-06-30','2016-06-30'),('30062016-002',12,'2016-06-30','Selesai','Lunas','Diterima','2016-06-30','2016-06-30'),('30062016-003',15,'2016-06-30','Selesai','Lunas','Diterima','2016-06-30','2016-06-30'),('30062016-004',42,'2016-06-30','Selesai','Lunas','Diterima','2016-06-30','2016-06-30'),('30062016-005',60,'2016-06-30','Selesai','Lunas','Diterima','2016-06-30','2016-06-30'),('30062016-006',116,'2016-06-30','Selesai','Lunas','Diterima','2016-06-30','2016-06-30'),('30062016-007',59,'2016-06-30','Selesai','Lunas','Diterima','2016-06-30','2016-06-30'),('30062016-008',143,'2016-06-30','Selesai','Lunas','Diterima','2016-06-30','2016-06-30'),('30062016-009',125,'2016-06-30','Selesai','Lunas','Diterima','2016-06-30','2016-06-30'),('30062016-010',102,'2016-06-30','Selesai','Lunas','Diterima','2016-06-30','2016-06-30'),('30062016-011',111,'2016-06-30','Selesai','Lunas','Diterima','2016-06-30','2016-06-30'),('30072016-001',3,'2016-07-30','Selesai','Lunas','Diterima','2016-07-30','2016-07-30'),('30072016-002',34,'2016-07-30','Selesai','Lunas','Diterima','2016-07-30','2016-07-30'),('30072016-003',37,'2016-07-30','Selesai','Lunas','Diterima','2016-07-30','2016-07-30'),('30072016-004',71,'2016-07-30','Selesai','Lunas','Diterima','2016-07-30','2016-07-30'),('30072016-005',56,'2016-07-30','Selesai','Lunas','Diterima','2016-07-30','2016-07-30'),('30072016-006',56,'2016-07-30','Selesai','Lunas','Diterima','2016-07-30','2016-07-30'),('30082016-001',11,'2016-08-30','Selesai','Lunas','Diterima','2016-08-30','2016-08-30'),('30082016-002',16,'2016-08-30','Selesai','Lunas','Diterima','2016-08-30','2016-08-30'),('30082016-003',106,'2016-08-30','Selesai','Lunas','Diterima','2016-08-30','2016-08-30'),('30082016-004',59,'2016-08-30','Selesai','Lunas','Diterima','2016-08-30','2016-08-30'),('30092016-001',27,'2016-09-30','Selesai','Lunas','Diterima','2016-09-30','2016-09-30'),('30092016-002',60,'2016-09-30','Selesai','Lunas','Diterima','2016-09-30','2016-09-30'),('30092016-003',68,'2016-09-30','Selesai','Lunas','Diterima','2016-09-30','2016-09-30'),('30092016-004',56,'2016-09-30','Selesai','Lunas','Diterima','2016-09-30','2016-09-30'),('30102016-001',15,'2016-10-30','Selesai','Lunas','Diterima','2016-10-30','2016-10-30'),('30112016-001',180,'2016-11-30','Selesai','Lunas','Diterima','2016-11-30','2016-11-30'),('30112016-002',169,'2016-11-30','Selesai','Lunas','Diterima','2016-11-30','2016-11-30'),('30112016-003',153,'2016-11-30','Selesai','Lunas','Diterima','2016-11-30','2016-11-30'),('30122016-001',58,'2016-12-30','Selesai','Lunas','Diterima','2016-12-30','2016-12-30'),('30122016-002',174,'2016-12-30','Selesai','Lunas','Diterima','2016-12-30','2016-12-30'),('30122016-003',189,'2016-12-30','Selesai','Lunas','Diterima','2016-12-30','2016-12-30'),('30122016-004',82,'2016-12-30','Selesai','Lunas','Diterima','2016-12-30','2016-12-30'),('31082016-001',3,'2016-08-31','Selesai','Lunas','Diterima','2016-08-31','2016-08-31'),('31082016-002',21,'2016-08-31','Selesai','Lunas','Diterima','2016-08-31','2016-08-31'),('31082016-003',35,'2016-08-31','Selesai','Lunas','Diterima','2016-08-31','2016-08-31'),('31082016-004',44,'2016-08-31','Selesai','Lunas','Diterima','2016-08-31','2016-08-31'),('31082016-005',48,'2016-08-31','Selesai','Lunas','Diterima','2016-08-31','2016-08-31'),('31082016-006',62,'2016-08-31','Selesai','Lunas','Diterima','2016-08-31','2016-08-31'),('31082016-007',79,'2016-08-31','Selesai','Lunas','Diterima','2016-08-31','2016-08-31'),('31082016-008',91,'2016-08-31','Selesai','Lunas','Diterima','2016-08-31','2016-08-31'),('31102016-001',15,'2016-10-31','Selesai','Lunas','Diterima','2016-10-31','2016-10-31'),('31102016-002',42,'2016-10-31','Selesai','Lunas','Diterima','2016-10-31','2016-10-31'),('31102016-003',43,'2016-10-31','Selesai','Lunas','Diterima','2016-10-31','2016-10-31'),('31102016-004',158,'2016-10-31','Selesai','Lunas','Diterima','2016-10-31','2016-10-31'),('31102016-005',59,'2016-10-31','Selesai','Lunas','Diterima','2016-10-31','2016-10-31'),('31122016-001',197,'2016-12-31','Selesai','Lunas','Diterima','2016-12-31','2016-12-31');

/*Table structure for table `wilayah_pasar` */

DROP TABLE IF EXISTS `wilayah_pasar`;

CREATE TABLE `wilayah_pasar` (
  `kode_wilayah_pasar` int(11) NOT NULL AUTO_INCREMENT,
  `id_pengguna` int(11) NOT NULL,
  `nama_wilayah_pasar` varchar(128) NOT NULL,
  `keterangan` text NOT NULL,
  `lat` varchar(255) NOT NULL,
  `lng` varchar(255) NOT NULL,
  `status` enum('Aktif','Tidak Aktif') NOT NULL,
  PRIMARY KEY (`kode_wilayah_pasar`),
  KEY `id_pengguna` (`id_pengguna`),
  CONSTRAINT `wilayah_pasar_ibfk_1` FOREIGN KEY (`id_pengguna`) REFERENCES `pengguna` (`id_pengguna`) ON DELETE CASCADE ON UPDATE CASCADE
) ENGINE=InnoDB AUTO_INCREMENT=46 DEFAULT CHARSET=latin1;

/*Data for the table `wilayah_pasar` */

insert  into `wilayah_pasar`(`kode_wilayah_pasar`,`id_pengguna`,`nama_wilayah_pasar`,`keterangan`,`lat`,`lng`,`status`) values (5,6,'Bandung Kulon','Bandung Kulon Kota Bandung Jawa Barat','-6.937631199999999','107.56530889999999','Aktif'),(6,6,'Babakan Ciparay','Babakan Ciparay Kota Bandung Jawa Barat','-6.942333','107.57714439999995','Aktif'),(7,6,'Bojongloa Kaler','Bojongloa Kaler Kota Bandung Jawa Barat','-6.931581700000001','107.58898039999997','Aktif'),(8,6,'Bojongloa Kidul','Bojongloa Kidul Kota Bandung Jawa Barat','-6.951960499999999','107.59489859999996','Aktif'),(9,6,'Astanaanyar','Astanaanyar Kota Bandung Jawa Barat','-6.9299008','107.5993373','Aktif'),(10,6,'Regol','Regol Kota Bandung Jawa Barat','-6.940982000000001','107.61265400000002','Aktif'),(11,6,'Lengkong','Lengkong Kota Bandung Jawa Barat','-6.9326938','107.62745100000006','Aktif'),(12,6,'Bandung Kidul','Bandung Kidul Kota Bandung Jawa Barat','-6.9557571','107.63041049999993','Aktif'),(13,6,'Buahbatu','Buahbatu Kota Bandung Jawa Barat','-6.952389900000001','107.6511279','Aktif'),(14,6,'Rancasari','Rancasari Kota Bandung Jawa Barat','-6.953945600000001','107.67776690000005','Aktif'),(15,6,'Gedebage','Gedebage Kota Bandung Jawa Barat','-6.950576799999999','107.69848790000003','Aktif'),(16,6,'Panyileukan','Panyileukan Kota Bandung Jawa Barat','-6.932218','107.70736880000004','Aktif'),(17,6,'Ujung Berung','Ujung Berung Kota Bandung Jawa Barat','-6.9064866','107.70736880000004','Aktif'),(18,6,'Cinambo','Cinambo Kota Bandung Jawa Barat','-6.9328971','107.68960730000003','Aktif'),(19,6,'Arcamanik','Arcamanik Kota Bandung Jawa Barat','-6.917906899999999','107.67776690000005','Aktif'),(20,6,'Antapani','Antapani Kota Bandung Jawa Barat','-6.918583399999999','107.66000729999996','Aktif'),(21,6,'Mandalajati','Mandalajati Kota Bandung Jawa Barat','-6.897547599999999','107.67184689999999','Aktif'),(22,6,'Kiaracondong','Kiaracondong Kota Bandung Jawa Barat','-6.924181900000001','107.64816819999999','Aktif'),(23,6,'Batununggal','Batununggal Kota Bandung Jawa Barat','-6.919484200000001','107.63632959999995','Aktif'),(24,6,'Sumur Bandung','Sumur Bandung Kota Bandung Jawa Barat','-6.915235300000001','107.61265400000002','Aktif'),(25,6,'Andir','Andir Kota Bandung Jawa Barat','-6.9114323','107.57714439999995','Aktif'),(26,6,'Cicendo','Cicendo Kota Bandung Jawa Barat','-6.900911799999999','107.58306229999994','Aktif'),(27,6,'Bandung Wetan','Bandung Wetan Kota Bandung Jawa Barat','-6.904715299999999','107.61857269999996','Aktif'),(28,6,'Cibeunying Kidul','Cibeunying Kidul Kota Bandung Jawa Barat','-6.8984464','107.64816819999999','Aktif'),(29,6,'Cibeunying Kaler','Cibeunying Kaler Kota Bandung Jawa Barat','-6.8937492','107.63632959999995','Aktif'),(30,6,'Coblong','Coblong Kota Bandung Jawa Barat','-6.891960399999999','107.61561329999995','Aktif'),(31,6,'Sukajadi','Sukajadi Kota Bandung Jawa Barat','-6.890393599999999','107.58898039999997','Aktif'),(32,6,'Sukasari','Sukasari Kota Bandung Jawa Barat','-6.8646647','107.58898039999997','Aktif'),(33,6,'Cidadap','Cidadap Kota Bandung Jawa Barat','-6.8639965','107.60673539999993','Aktif'),(34,6,'Cimahi Selatan','Cimahi Sel. Kota Cimahi Jawa Barat','-6.905385099999999','107.53276400000004','Aktif'),(35,6,'Cimahi Tengah','Cimahi Tengah Kota Cimahi Jawa Barat','-6.8744961','107.53276400000004','Aktif'),(36,6,'Cimahi Utara','Cimahi Utara Kota Cimahi Jawa Barat','-6.8633153','107.5564326','Aktif'),(37,6,'Cibiru','Cibiru Kota Bandung Jawa Barat','-6.9163257','107.71921040000007','Aktif'),(38,6,'Banjaran','Banjaran Banjaran Bandung','-7.0555388','107.57670350000001','Aktif'),(39,6,'Parongpong','Parongpong Kabupaten Bandung Barat Jawa Barat','-6.8212818','107.58010330000002','Aktif'),(40,6,'Jatinangor','Jatinangor Kabupaten Sumedang Jawa Barat','-6.9370992','107.78138719999993','Aktif'),(41,6,'Majalaya','Majalaya Majalaya Bandung','-7.0517978','107.74585589999992','Aktif'),(42,6,'Lembang','Lembang Lembang Kabupaten Bandung Barat','-6.8162073','107.62279609999996','Aktif'),(43,6,'Pasir Jambu','Pasir Jambu Cikawao Pacet','-7.1111353','107.7321799','Aktif'),(44,6,'Purwokerto','Purwokerto Kabupaten Banyumas Jawa Tengah','-7.4242782','109.23963660000004','Aktif'),(45,6,'Ngamprah','Ngamprah Ngamprah Kabupaten Bandung Barat','-6.861246299999999','107.51474380000002','Aktif');

/*!40101 SET SQL_MODE=@OLD_SQL_MODE */;
/*!40014 SET FOREIGN_KEY_CHECKS=@OLD_FOREIGN_KEY_CHECKS */;
/*!40014 SET UNIQUE_CHECKS=@OLD_UNIQUE_CHECKS */;
/*!40111 SET SQL_NOTES=@OLD_SQL_NOTES */;
